<?xml version="1.0" encoding="UTF-8" standalone="no"?>
<beast namespace="
    beast.core:
    beast.evolution.alignment:
    beast.evolution.tree.coalescent:
    beast.core.util:
    beast.evolution.nuc:
    beast.evolution.operators:
    beast.evolution.sitemodel:
    beast.evolution.substitutionmodel:
    beast.base.evolution.alignment:
    beast.pkgmgmt:
    beast.base.core:
    beast.base.inference:
    beast.base.evolution.tree.coalescent:
    beast.pkgmgmt:
    beast.base.inference.util:
    beast.base.evolution.operator:
    beast.base.inference.operator:
    beast.base.evolution.sitemodel:
    beast.base.evolution.substitutionmodel:
    beast.base.evolution.likelihood" 
    required="BEAST.base v2.7.4:phylonco v1.0.0" version="2.7">

  <data id="L86_rskycoal_fast" dataType="nucleotideDiploid16">
    <sequence taxon="CO8-MA-25">aa55a5?M0ffaaa?????5aa5??a??a?a?Yaa?aYa55055fRa5aaa?f0?555a?a??0a0a50?a?a0?0?a55fa5????aM?a??a5S???f??R?0?5?5f00?Y???R??a5f500?a5?a?a5aa?5a?Ma?0000ffa?a??a??0f????KM????a5??a0?faa5aKffa??0a5550?a?0005?5?f5?fY?ffaf???55a???af0?aa0afaY??a?R??a??5a?5?5?0a0MM??5aaaa55?5Ma?55??af5?fa????f0Mf0050?fa0005Y5a?R?K0faa00??a5a??5?05?5?a?aaf5??55a?a5Y5R?Y0055a5a5Y555f?YY?0R?0?a5a?a?aaf??R5aK5?505M?a5faa?05??Y?0aR?Y?????a0555?a?0af?5?a550a??R5?5?aaa?0f?5???a?f5?aa5555a????faa?0?a0505ff?5??0a??5f?0055a?55S5??aaY?a5M000aa?05???5?0ff55?fR?0?fR5a5aaa?S55a055aaa5afa??a?aa??0fff?fff?a?f?00??5fa?af5aa5055000????</sequence>
    <sequence taxon="CO8-MA-26">a?5????M0??a?a5aa00?0a5?fa?0aY??5?K?0?a550?5f?aYaa?5f?0?55a5a550a0a?RY??a?5a5?55fa5???5R?a?5a0?5a5??00?a0?555f0a??5a5a?a?ffS000?50??a5aa55?a?a000?0?fa?a5??ff0?f???a?a5f?a?a?a??faa?a???aaa0a5?5?aa0?R??R5aK??f5?ff0?a?0?5a550?5?aaa0a?a?0?aa??fa555a5?a5?0a05M0a5???a?5550a555a5a??0fa??0ff??f0050??a000555a??0a0Kaa00Raa0?5???05a55a0aaf?5555aaa???????R?5a?a55555Y?f??0050?a5a5?fa??aaa5a?55Y?5?0a?faa0?5a??a0??Y55fSf0a???f?aa0?f????5?0a5a0a?5??Kaa?Ka5????555?aa5555a5500fa??0f?05??ffa5????005f50055aa5???f?aa5Ma50000aa50?5a5?a0fa5?afa?aa?a?a5aa0f555a0??a???afafa????a5????ffff?a5?50000?faa??5aaf055000a5a0</sequence>
    <sequence taxon="CO8-MA-27">Ra55?5??05?a???aa??5aa5a?Kf0a?RaY?f??Y?550?5faa5aaa5f005?5?5a5?Ra0??RYa5a05R5a55fa55???05a??a05a?5af?0aa0aY55f00555?50fKa?f5?0?a50a?a5aa??a??a00000ffa5a?0????fYa5aaMa5faaMa0?R0fKa5a?f5a?00?5??0a?????5???K?f?f?Y??fRfM?5a5?0a?0aaa0a??5???a05f?55?a?5a?50?05500YKKK??55?0a555a?a?50f?0f0ff0?f00500ff?0a5?5a0?0?0?aa00??a?a?a5a05a5?a0a???a0?????5550ff0055??a55??5??Y?a0a50aa5a5a??afaa?5aa?f50?5?a??aa?a5?0550?0?5M?a????5????a??Y0??af5?a5?aa55?aKaa????0??a55?faa555?a5500faa005a0505f?a50a0a005f50?M??a?5a?Y?aa5Ma5M????f??Y5a55?0?a???f?aa?Y?5a??a??a55a055aaa5afa0aaaaaa5??????f??a5?500005?aaa55aa?055000f??0</sequence>
    <sequence taxon="CO8-MA-28">aa??a???0?faa?5aa?0?aa5a?aW0a??a?a?5aY?5?0?5faa?aa??f?0?5??5a5Yaa00?afR5a05R5a55f?55aaY??aaaaa5555?f?0?a?0555?0a5f5??a5aa??a?0fa50a?a5a?5????aRR?RR?Y?5a5????0f??5?a5a5??f5a?a?0f?a?aa?Ya??0?555?aaR??R??5a??fYY?ff???5?5?a?50?Y0aaa0aY??05aa05??55?a55a?0?a0?Maa5aaa?55555??55a??Y50?aaW0Yf?5f0050?5f?0?MY?a0R?a5aaa00?0a5a5a5?05a?5a?aaW?a055?aR555aff0055a5?5555?f05???05??????afRa?????a?555a?0?a?faa?a5?0550??f?5aa????55Y??a??50?0af50???0a55a?Kaa0f??00?a5?5faa5555a??00faa?0?a?50Sffa5Ra0???5Y5Ra55??f?55Yaaa?5a?M?M??f???5a?MS??fMf?Y?a??????????Ya55?0?5aaa5a?a0aaa?aa5????fff?fa?f500?05faa?55?a5??????f5a?</sequence>
    <sequence taxon="CO8-MA-29">?a55?S000f?aaf5?a005?a5a??W?a5aR5af?a???5??5Yaa5?aa??0?5?5a5a?5?aM0?afR5a?5??aMM?R??aafa5aa5?a?555?f??0a00555f005??a5???affa00fa?0afa5aa5f???a?????K???a5??f???Y??Ka5a?f??M??a00fKafaKf5aaa??55???a0RR??R5??5f?f??f?f0?M?5a?Y?a50aaa0af?f05aa05fa555a55a??0a0?00a5aaaa55?55??55a5a?50K??f?Yf00f0?500f??0a5?5?00?a??aa?000R?a5???0?a5?a0?a?5a0??aa055?a??0055a5???555f??f??a50a?5a5af0a??a??a?5?5?????ffaa?0?a?550a0ff5K5?aR055Y5?aaa?05?af50a5aRa55a?K?a?fa5?0fR555fa?5555a??00faa005a?5??f?a5a?0a?05?5??5?aa?5a5f?aa?Ma50000af???5???a0f?5fa?0?0?5?5a???05???a055a?a5afa0aaaaaa5?Y??fffffa??5?0005fa?a5?aa????????5a0</sequence>
    <sequence taxon="CO8-MA-30">?a55aSR?0?f?????a005aa5?fa?Ra?????????a?50?5???5aaa5?00555??a55a????R??5a05?5a55fa55aa5R??aSa?5aa5?f0?aa0aY55?005??a?0?aa5f5000a?0a5a5aaY?R???00?00ff??a50?f50fYa5aaMa5fa????aa0f?aYaaf?a?0?a5?50?a0?00Y?5a???5?a??afaY0?5a5??a50aaa0a5aY05aa05??55???5a5?0a0000a5?????555???5Ya?a?5??a?f0?f05?0?500ff?0a5?5?000a0?aa00????a5a5S?5a55a??a??a055aaRY55?ff0055a?a5f?55faYf???50aa5a5a??aaaaaaa???50??R?ff?a0R??05?0??f??KSfa?05?f?a?0?f?50?f?0a5?a?55aaa?a??K????a55?f????5?a??00faa0??a05?5f??5??Ra005Y5?R55???5?5?R?af5?50000a????5aY5S?ff???5RR0aY?5a?????S?5a055aa?5??a0?aaaaa50??fffffY?5f50000Yf?aR55a?5R?????f??0</sequence>
    <sequence taxon="CO8-MA-31">a?55aS?00????a5aa00?aa???a?0???0?RKYRYa5?0S5faa5aaa5f00555a?a?5?a0R??Ya5a05?5a55fa??aafR?aa?a05?a??f00aa0a?55f0R5Y5???Yaa5fa00?a50a5a5a?5faa?a00000??a5a?0a?50?Ya?a??a5?a?0a0aa0f?af??ffaaR?????0???R0????aK5??5R??0K????5??5???0a????Y?f0?a?05f?55?a55a50?a0MMR?5a?a?5Y55???55a5a???f?Rf0?f0??0?5R0f???a555a000a0???00??a?a5?5S?5a55a?a??55?55aa0f???ff005?a5??5??5fR5f????WK??K5??Raa?a?5a?5f?a50?a5fKR0??a055??0f?M?????0?5?5aa????50af50a?a?a?5aa?aa0fa50?f??5??aa?5?5a5500faa005a?505ff?????a?05?5Ra??a?f5a5?aaafM?5?0M0?K?0?5??5?0?a5Ya?a?0?5??a?a?05?M???55?aa5afa0aaaaaa??Y??ffff?a5?5??0?5?aaa55??????W??f5a0</sequence>
    <sequence taxon="CO8-MA-32">a?55???00YfaaK?aa00?aa5a??0?a?a?5?f?aYa????5faa5?aa5fM?5???Ya550a??50fa?a0??5a55fa55aa5R?aa?a?5aa?af00aa0?55?f0?5Y5a???aaYfa00?a5?aYa5a?5faa???0????f??a50???0ff??faMa5?a???0aa0faafa?ffaa???555?aa?000fa??f?f?f0f?af?5M55a5?0a???aa0afaf?5a?05?a55??5?a500a0000?5aaaa5?550??5?a5af?????f0f?05?00500ff0??5Y5a?0????a?R????0?5a5S0?a???0aaf5?05??aRf???ff0055af????55fa5f?0a50?a??5a??a??a??aK??5a550a?faa?a5a0550a???5????RM555?aa0?f050a??0a?a???5aa??a0f?50R?a?5?f?a??5?a55?0faa00Ya05?5f?a50?aa005?5??M?a??5?5Yaaa?5a5M?0??????5?Y5?0fa05R?0?05YR5a?aaaY???a?55?aa?afa0aaa?aa5???Yffff5???5000?5??aa5??a5055000f5a?</sequence>
    <sequence taxon="CO8-MA-33">?a5??a?M0?fa?a5a?00???5a??0??5aR?af???a?50?5?aa5aaa5f00????5a??0a0?5R?a?a?5R5?????55aaf?5aa?a?55???f000a00555f0a5f??5?5?a??a???a50a5a???5?aa0a000?0KY??a5??f?0f????aMa5?aK?a0?a?faaYaKffa??0a??50a?a0005R?aa?f5?R?Y?fRYM?5a?5?a5?a?a0a?a??5aa05?a?55?55a?00a0?50a5K????55?5a555a5a??Mf?af0ff05K005?0f?00a5?5a??0?5aaa00R???a5a5S0???5a??aW5??55a?0555af??05??5a?f555fa??a?a?0?a5???f?af?fRSa?5f5?f??a?faa??5a0550a?ff5??0???Yf?5a?0a?????Y50a5????5aafa?0f??0aYa555f??5?5?a55??faa00?a??0?ffa5aa0a?05Y5??55a0?5S5Y?aaY?a5000RK???55?Y?a0f?05R5?a055a5??Ka??a55a?55aa??a???a?aaaa5???f?fff?a5?5?0005??aa?5aa5??????f??0</sequence>
    <sequence taxon="CO8-MA-34">??5???0?0?faa?5aa005aa???a00a???f?a?aY???055Ya?5?aa5??0555??a5??a0?50?a5a?5R?a??????aa??5?aSa?5S?5?f?0aa??555?0R5?5a?0?a???50?0a50a?a5aa5faa?a??000?5a?a5?a?f0ff???a0a??aa0?0?a?f?afaKfY??aM??550???00??R?0?5??f?ff0??fM???550a?0aaa0a5a??5?a0??a?55a5Ya5??a??00a5aaaa55?50?555??aY?0faRf0?f05?0?5?Rff??a???a0?0?0?aa000?R?a5a5?05a5M???a?5?0550aa?550ff0055a5??f?55f?Yfa?050aa5a5a?a?aa?0?af5Y5R???affaaa??a?550f??5?f?W?R5Y?f?a??a5??0af50a??0?55?afaa0fa50R5?5??faa5555a55?0?aa005?050?ff05?aRa005?5???5??f5?5fR????a5M0M0?f5055a????f??5?5?R05??5a??a0Y??5a055aa?5afa0?aaaa?50f?ffff?fa?f50000?faaa5?a??055000f5a?</sequence>
    <sequence taxon="CO8-MA-35">a?5?????0??a??5a?00??a5?f???a??0Y?????a??0555aa??a0?f?0555a505?0a0050?a5a050?a55fa55aaY?5aa?aa5?55?f000a?05?5??a5f5?5a5aaf??00?a?0a?a5?a5Y???a?????fYa?a??af50??K???5??fKf?a??a?f?afaKf??aa??5550??R000?R50?Y?5???f0f0Y??5a??0?5M??a?a?a?0?a??5?a55?a55a50?a?M50a5aaaa555?5a?55a?????fa?f0ff05?005?0ffM?a5??a?0?a0aaa000?0?a??5S?5a??a0aa05?M55aa0f55Rff0?55????f555?aYY?0R???a?a???RafaaR?af5?5?5???5fa?a05a055?K?f??f50Ra??5f5aa0a?0?0af50a?a0?5??afaa0fa5??Y?555?aa555?a??0????0?5a0505ffa5a?0a0?5Y5???5??55?5faaa???5?0M0?f??55?f??0f?55a?a0aSf05a5a??5a55a055aaa?af?0aaaaaa5?YK?????fa5f5???05faa?5??a5055000?5a0</sequence>
    <sequence taxon="CO8-MA-36">??5???a???faa???a???aa????W0a5a?f?f5a?a?50a5faa?aaa5f005???5a5?aa?050Ya?a05R5a55fa??aaY??aa??0?aa5Kf?0aa0R55?f0R555a50Ya?Yf?0?0?50a?a?aa5?a??a00??0ff??a5?af?0fY?5a?Ma5fa??a???Mf??f?ff??aR0?55?0a?a??????0?5???R?Y0???M55a???aY???a0??af05?a05?a555a55a5?0a000?a5aaaa55?5?a??5??????f?0f0ff05???50?ff?0a5??a?00???aa??a0?5a5?5??5a5?a0aaf5?M55aa0f55Rff0?55??a?f555?????????KKYK5Rf?a?a??aaf5?5??MRa?faa0?5a0550a0?55aa?a????f5aa0?f??0af?0a5?R???aa?aa0fa50Rf??5??aa5555a5???fa000??0?05?fa5??Ra0??5Y?a?5a??5?5faaa50?5??M?aa5?55a?M?0fK?f?5???5Y?5??a???a55a0?5aaa5afa0aa?Raa50ffffff?fa??5RR?05faaa55aa5055000???0</sequence>
    <sequence taxon="CO8-MA-37">a?5?aaa00?faaf5aa005?a??faf?a5aa?af5?Ya55?a5?aa5aaa5f0?55??5a55aa00?0fa5a05a?a55fa55aaf?5a??a?5a?5?fW??a0?Y55f0??5?a5?5a?ffa00?a50a5a5a??5a?Ma00000f5a?a?0a?f0fY?Y?a5??fa????R??f???aaf???R0a55?0a?a?00505??5ff?Rff?f?5055?55?af??aa0?Ya?05?a05fa?55a55a500a0M?0a5???a5Y?55a??Ya5a????a?f?ffR5f00500Yf???555a0??aMaa?????a?a5a5S?????a0aa05SM55?aR?55???00M?a5aY??55fRf?a??50aa5a5?f?af??a?aa5???50Ra5f??0?5a?55?a0f?5K??0a05555a???f?5??f50a5a0555aa??a?aa?0Rf?5?5faa555?a????faa0?5a050aff?50Raa005?50055???5?5f?aaf?a50000af5055aY?aMf?55?5?a05?05?5a?RYa5?a?5??aa5af?0a?aaa????K?fff?fa5f500005??aa55a?5055000?5aa</sequence>
    <sequence taxon="CO8-MA-38">aa55???00ffa?a?a?00?0a5a????a5aa5af5a5?55??5f???a??5f0?5????a5??a?0?0fa?a05R???M????a?Y05a?a?05aa5af00aa0?5??f005?5K50fa?f?5000?50aYa5a?5faa0a??0??ff??a50aff0?fa5aa?a?f?a?a?0a?fa????f5a?a?a5?50a?00005R5Rf5?Yf?ffafR5??5?550af?aaa0a??f05?a05?a555a55a550?05?0???????555??5?5a5af50fa0f0ff05K005?0ff0?a5?5a000a0fa??0??0?a5??5?5?55a0aa?5??55aa??55aff??55a5af5?5?f0f????5???Y??a?aa?aa05?a5?5?5?aaffaaaa5a05?0a0ff?f?f?a0?f55aa0a?05?af50a5K?555??fK?0fa??0f?55???????5?5500faa005a?505ffa50?a??055????5aa?5a5faaaf5??00M?af5055a5MS0f?0505aaR5YR5a???0??55a0??0aa5af?????aaa50fffffff?a?K500?05f0aa?5aa5??????f???</sequence>
    <sequence taxon="CO8-MA-39">??5?a?a???f?aa?aa??5aa5af???a??????5a?a550S5?aa5a?a????555a5a5?aaM0?0?a?a0505?55fa5?aaY0?aa5a?5aa5af?0aa0a??5?00?55?5???af?5???a50a5a5a?5?a?Ma0?000ffa?a?0af?0f????a??5fa??a0?a?f?a?affY?a0??M55??????0f05?f5?YYa??a??Y??5a5??aY?Kaa??faY05??05fa5?5a55a550a0?00?5??aK?555?a555R5aY?0????0ff05?0?5?0f?00a5Y5a0?0a0?aa0000R0a5a5S?5a??a0aaW?aM55???Y55aff?055afaff555?RYf??a?0??5??a?aaa?a??a?5Y?05?a??f?R?a5?05?0a0f?5a??a?M5Yf??a0?Yf???f50a5aRa55aafaa0?K50?fa?55?aa555?a??00faa005a?505?fa??a?a????5RR55a0?5??f?a??M?????0a??0?5af5S0?a05R?R??5???a??a05??5a05?a??5?f?0a??aaa5???????ffa????0??5?aaa55?a5?????Wf5a?</sequence>
    <sequence taxon="CO8-MA-40">a?5??Sa?0YfaaK5????5aa5?f??0a5aR??f5R???50a??aa5aa?5?00555a5a55?a???0?a???5?5a55fa55a?Y05aaS??5?55ffW?0a?a?55f0??f?a5?5aa?fa00fa50a?a???5?aaM????????a????af?0?f?5aa0??faa5aMaR0faa5af?5??R0a555?a?0??R???aK?f?f0???f?5?????50a50aa???f?Y0?aa0?fa555?55a?00?05?0?5aaaK?555?a555a??f5??aR?0ff05f??50a?f?0?5?5a?R?a?fa?00??05a5a?505a5?a??a05a0?5a?a5??0ff??55a5??f5?????f???5?????5af0afKa?5a?5Y5?5M?a5fa?a05a05?0a0ff5fSW????5f??a0??05?af5?a5a??55aa???0fa5?R?a555f??5555a5?00faa?0?a?50?ffa5??????5f5?R?5a??5??faaa?????0?0??5?55a?Ma0?a5?05??0S?R5a?aa0Y??5a055aaa5afaWaaaaaa50ffffffff??f?0000?f?aa55a?5??????f5?0</sequence>
    <sequence taxon="CO8-MA-41">a?55???50Yf?a?5aa005?a5?f?W0a??RY?a5aY?5?0???aa5a?a5??0555a5a55aa0R50f?5a05R5??MW?????Y?5aaS??5aa?a?00aa0aY55f0?555a50faa5f5000a?0a?a5aa?fa???00????f??a50???0ffa5a??a5fKf?aM????Ka?a?f5aaR0?5550aaR?0?f0?0??f???ff?fR55?5?5?RaY??aa???a?05aa??fa?55a55a??0a0?50?5???a55??5a555a5af??f?Rf0ff05f005?0ff0?a5?5a??0a0aaa00Raa0a??550?a5??aaa0?5M55?a?5550ff005??fa??555Y???a?0????YK?afRa?aaR5af5Y5a50?a5fa????a0550a0f??fSfR???5??aa0??050af50a5??S55aaf?a??a5?afa?55?aa55Y5a5500fa?005a?5?5??a?0a?a005?5RaM????5????a?f5a550?0a??055a5M???K55?5?0?a?0???aaR?S55??5??a?5??a?aaaaa?50ffff?fffa5f50000?faaa??aa?055?00f??0</sequence>
    <sequence taxon="CO8-MA-42">a?55a??005Waa?5aa00?aa5afaW0a???5RK5?5a??0?5faR5aaa5f?0????5a5?0a0a5???5?05?5?55fa55??f05a?S?05?a?af00?a0a?5?f0?55?a50faa5f?00WaY0a5a5a?55aa5a?????Kf?5a?0af50?5a5K?0??faa?a?a???Ka?a?f?aa00a5?5?????00fR5?a5???Rff?fR??55a??0???aaa0a??5?5?a0?fa555?55??50a005aa5aaaa55555a55?R??f?0?aRf?f?05?005?0ff?0a555a000a0Kaa?M0a??a5?Y?05??5a0aaf5??55?a0?55?ff??M?????Y5?5fR5f?0?5???????f?af?a??a??????????faaa05a??50a???5??0aR????5aa?af05?af50a5?a?55?af??0aa5?af??55?aa555?a5500f?a0?5a0505ffa?aaR?0?M?5?RM5a?f?a5?Raa?Ma55??0af??55?5?50fK?50?0?05?a5a5a?a5a?5a05??aaYafa0a?aaa???????f??5??f50?005Yaaa?5aa???????f5a?</sequence>
    <sequence taxon="CO8-MA-43">a?5?a?a?05??aa5aa005?a5?fa?0a5aR5aa?aY??50?5faa5aaa5?00555a?a?5aa?05??a5a05a5???f?5???fa?a?Sa?5?a5a??0?a0a55?f00555a50??aYf500f??0a?a5aa5?a?0?00000?Ya5a50??50?fa???0a5faf5a0a?0f?a5?ff5a?00?M550a???0???5?????Y?ffaf?fM55a5?0a??aaa0a?a?05aa?5f?555a55?5?0a0???a5aaaa5555??555aM?f??????0f?05?00500?f???555a????0aaa??a???a??5??5aM5a?aaf?????Raa????ff00??af?5f555?????0R5?aa5a5??R???aa?a?????50Raffaa0aMa?55?a0f55aa??a5Y5Y?aaaa?050af50a5?0a55aafK?0?a50?Ya?5?fa?555?a5500faa005?0???ffa5?a?a0????????aaf5?5?aaa5?a5?05??f50?5?5??0fa050Y?a??Ya5?5aa?5S???055aaa5afa0aaaa?a50ffff?fffa5f5000?5faaa?5a?5055000f?a0</sequence>
    <sequence taxon="CO8-MA-44">??55??a?0?f?aK5aa00?aa5??????5a?5?f5a??55?a5faa5?a??f?0555a?a55?a?0505a??05???55fa5?aa??5a??a?5a?5?f00aa?a5?5f?0555a?a5aa?fS?0?a?0??a5a?5Ya?????R???Y?5a??a?Y0?fK??a5a5faf5?0?R0faafa????aR???550aaR00???5Rf?fYY???Rfa?055a55?R50aa??aY??05?a05?a555?55a?50a00M0a??????55?5a555a?aY??fa?f0ff05f0?50?ff00a5?5a000a0??a00000?a5a55?5a55a??aW55M55aa?5??aff?055??aff555fa5f??R50??5a5?f?a?aKaSa?5f5?500??f?a005a0550????5a5W??5?f5??aRaf05??f5?a5???55?aaKa0f???Rfa55??aa55?5a5500f?a00?a0505???5?aRa0R??50R?5???55???a?YMa5??M??f??5?aY??0f?5?R??a05?a5a?aa?5?5?a055?aa5?fa?aaaa??5??K?fffYYa????0005faaa5?a??0550?0???0</sequence>
    <sequence taxon="CO8-MA-45">?a5?aa??0ffaKK5aaM???a5???W??5??5a??a???50?5Y?a5aa??f00555?5a550a0?5R?afa?505a55fa55?af05aa?aa555?ff0?0a0?Y55f0a?f?a505aa?f5?0f?f0afa5aa??a???00000f???a?0af?0f???Ka0a5fafMa0R????afa??5R??0?5550aaR?00Y05?K5fYY0ffaf????5a5?0a50a?a0?5?f05?a0?fa555a?5a55?a0M????aaaa55??5a?55a5a55??aRf0ff0??0?5??ffM0a555a?0?a??aa0?00R0?5a?S?5a5?a0a?055555?a0?5?aff0?55?5a5?555Y??Y?????????5aW?a?faaaaK5?5??????faaaRMa055?aRff?fa0?a0?5Y??a?a?05?af50a5?0a???a??a?fa50a?a?5?f?a5555a5500?Ra?05a050a??a??aRa0???5??55?0f5?5f?a?f5a5??M??f???5a?5S?fa????a???Y?5a???0fa55a?55?a?5afa0?aaaa?5?????ff?fa5f500?05faaa55a?5?55?00????</sequence>
    <sequence taxon="CO8-MA-46">aa5?aSa00ffaaK5a?005aa5af??0a5aRf?f50???5M?5?aa5?a?5?0??55a5a5?a?Ma5??a?a?5?5a?5????aaf?5?a?a05aa5af00?a0a555f0a5??a50Y??Y?5??0a50af?5aa5faa?a00000ffa?a50af?0ffa??a5a5faf0a???0??a?aafY???0?5?5?aa??005??a??f???ff?K?fM5???50af0?aa0a????5aa05fa55??5505?0a?0?0a5aaaa5??????55a5a?50fa?f0ff05?005?0ff?0a555?0?0?0??a0?0?05a5a?S05??5?0a???5555Ra?Y550f?0?55?f?ff?55fR5f?0????K??5a?R?aa?R??f??5a5?a?5f????5a0550??????aWa??YY55aa?a??50af50a??0555aa??a?Ka5Wa?a55?faa5555??500faa005???05ffa5aa?a00??5aa?5?0Y5a??R??5Ma50??0af5055a??S0??0fa5?00?5a5a5aa0?a55a05?a?a5afa0?aaaaa50fffff?ff?5??????5faa?5?aa5055000????</sequence>
    <sequence taxon="CO8-MA-48">aa5?a5a0???aK??aa00?aa5?fa?0???a?a???Y??5?5???a?Raa?f0005???a5?aa0R?0fa5a05a?a55faY5aafR5aa5a05a??af??aaW?Y?5f??5?5a5?Y??Yf5?M????a?a5a?5??a?a00000?Y??a??afY0?????a?a5faf0???R0??afaa?5?a0?a5?50a?0?0?fa5?fYf??a?f?f?????a55??50aaa0??a5??aa05fa555a5505?0a05??a5aaaa5??55??55a5a??0?a?f?ff?5f00500ff??a5?5a000?0faa?0????a5a5a05a??a0R?f?S?55?aaf55???0055?Ya?55?5??5fa??5????K5??aa??K??aa5Y5R?50a?f??0??a?55?a0f?5?aWaR5??Y5?a?a?050af50a5?0a???????0fa5??fa555?aa555?a5???faa005a0505?Ya?aa??????5?a?5a??5??Y???f?a5??M0?f??5?a?MS0?a5YRY?a?5?R5a5??a??5?a??5aaa?afa0aa?aaa???K????ffa5f??000?faa?55a?50550???5a0</sequence>
    <sequence taxon="CO8-MA-84">aa55a?R?0?f????aa005aa?afaW?a?aaf??5R???5??5faa5aa??f?0555a?a55aa005RYa5a?5?5?55fa55?af?5?aSaR5a?5?f00aa0a?55f0?555a50??a5f5???a50a?a5?a?Ya?5a00?0?f5a5a??a?5?f??5?a??5faf?a??R0f?a???f?aaR0a5550?aR????R5?K?f??RffafRY55?a5?0a50a?a0?YaY05?a0?Ya?55?55a550???5???aaaa5?55?0555a?a???fa??0f?05?005?0ff?0a??5aR00?0?aa00R?a5?5a?a05a?5??aaf555??0a?Y550ff??55a?a55?5??0Yfa??5????a5af0af?a???K5?5?5?a?Y??a0a5a0550a?f55?5fa?M55?5a???Y0M0?f?0a?aR555?a??a0fa50afa55Mfaa5Y5Ya5?0?faa00???505ffa5?a?a00555a??5?Rf5??fa?af5a??0?0aK?M5?a?M?0fK55R5a00?5a5a?aaRY?55a0?5aaa5?f???aa?a?50ffffffff????000055?aa55a?5???WWWf5a0</sequence>
    <sequence taxon="CO8-MA-85">aaY???a0?5faa?5a?00?aa5a??00a??R5????Ya?5055??a5R?a?f?0?55??a5?0a0??0f??a?505?MMWR??a?fa??a???5555?f0?0a00Y55f0a5f5a5??aaf?a?0fa50a?a5aa55aa5??0???f??5a50?f50KfK??a5a5fafMa0aR???a?af?Yaa00?5550aaa?0?f0?0f?f?f?ffa?RY5?5a550a50?aa0a5a??5??05?a?5?a5?a5?0a?0?0a5?K????55???55?5a5??faRfMff?5?0??0??fM0R555a000aMfaa0000a?a5?5a05a55a?R?W???55?a?f55????????Y?f5?55f??fa?0?0aa?a5?W?af?aa5aK5f50??aaffaa?0?a?550?0??MaaW?RM5?55a???f?50?f50a??aS55aa?a??aa??R??55????555?a???0f?a??5??5?S?f?5a?Ra005?5??55?a??a?f?aaf?a500?0a??055a55??fa?f?Y??05fR5?5a?aY?5??055aa?5?fa0??aaaa5???ffffffa??500005??aa55aa5055000f5a?</sequence>
    <sequence taxon="CO8-MA-86">??5?aa?M0?f????aa???aa??Ka??????5???aY??5??5fa?5aa??f???55a?a5Y?a???0?a?a?5?5?55fa55aaf0?aa??a5555ff0?0a??555f0a5f5?5??aaffa00f?50a5???a5fa?Ma?0RRRf???a??af?0ffa5aa0a?fa??a????faa5a??5a?R?a5550??0R0?fa5aK5f?YR??0f?Y?55a5?Ra???aa0a??505?a05?a555a55a5??a00?0a5aaaa55??0?555a5aY5??a?fMffR0K0M50?Y??0???5a00Wa0??R??0??0a5a550??M5?0aa05SM55?aaf55aff0?55aYa??555Y????????a?5a5a?0af?a??af555?5??a?faa0R5a05?0a0?55?5W?R55f??aaR?f?50Rf50a???a55aaa??0fa50R???55faa???5a5500fa?00?a??0?ffa5Ra0a?05?5RRM5R0?5?5??aaf?a5M0M0af50?5a?M?M?a?Y?YaR??Y?5a????fa??a0f5aaa5afa0aaaaa?????ffffffa5f5??005faa?55a??05?000f??0</sequence>
    <sequence taxon="CO8-MA-87">????a??M0ff?K??a?005a?5?f?f0a?aR5aK??5?5?055fa?5aaa5???M5???a55?a????????05?5a55fa55??f?5?a5?05?a5af??aa0aY?5f005Y5a50Yaa?f500?a50af?5aa5Yaa?aRRR?Rff?5a?0??f?ff???a???faf?a0??0faafaafYaa00a5550Ka0?R?fa50?5?fYR??Rf???55a550a?0????aYa505?a05?a?55a55a??Ra00M0a5???a5?55?a?55a5af50f??f0f?05?0?5?0ffM?a?Y5a?00a??a???a?a0?5a???5a55?0aa0?5?55?aaf55aff0055a5a5?555??Yfa??5?????5a?a?K?a??aa?f505?aa5f?a0?5a0550f?f55?????5?Yf5aa??f?5???Y0???Ra5?aaKaa0f???0fR555?aa5555a55??f?a0??a0?05ffa5?a?a005f5RR???Rf???Yaaaf5?5M?50?f?05?a??S0f?0f0f???aY?5a5aa0f?5??0??a?a5af?0aaa??a50YK??ff??a?f5?000??aaa??aa5055?00f5a0</sequence>
    <sequence taxon="CO8-MA-88">?a5?a???0?faaa5a?????a5afaW0a????a???Ya550a5?a?5?aa?W00555a5a5?aa??50Ya?a05a?a???a55?afa5?a??0?aa5af???a0?555f0?555K???a??fa000a50a?a5?a55aa0?????0ffa5a50af?0K5?5aa?a5fa?0?0a?0faaYa??5aa???5550aa?000?R5?K5?Y?0??afRY555?5?0a??aaa0a?af05?a05?a55?a?5a55?a05??a5aaaa5?555a???a5af?0?a?f0ff05?0???0ff??a555a??0?0aaaR???00a?a?50???5a??af5a055Ra?555aff???5a5???555faY?a?0?0aa5a5?f?a?aa0?af5??????a?faa005a0550a0?5?f5??a??YY5?a??f???af50a5a???5aaf?a0???0??a55??aa?555??Y00faa0??a0??5??a?aa?a??5f5RR55a??5??f?aaf5a5?0?0?f????a55a0?K55R5a00?f?5a5aa???5?a?55a??5Rfa0a?aaaa?????ffff?a5f??0??5?aaa5?aa5055000f5a?</sequence>
    <sequence taxon="CO8-MA-89">aa55?SR?05faa?5aa00??a5a?aWRa5a?Y??5R?a????5faa5aaa???W555aYa5Y0a?R??Y?5a05?5aM?????aa??5aa???5?a5af00aa0a555f0R5f5K50??R?f??00a50afa5aa?????a?R???ffa5a5?af?0?fK??a0a?f???a???0?Kafaa?5aa00a555??a0?RRY?5RK?fYY0??R?R????a5??a50?aa0?f?f05aa05fa55?a55a55?a05?0a5???a5?55?a55??5a?50???f0ff05f00500f??0a5?5a0?0????a00R?0?a5??S0??55a0?a0555??R???55?f?0055a?a?Y?55????a?a5????a5a?0?af???aK5f5???0a5faaR?5a055?a0f55f??a?0YY?5?a0?f05??f?0a5a?a55aafaa0Ka50aYa55????555?a550?faa005a0505ffa?R?R??R??5RR?5?Rf5a5?a?a?M??0?M0af5055aY5?0?f?fR5?0R???5a5?aa??5Ya0?5aaa?afa0aaa?aa50ffffffffa5?5??00?faaa5?aa5??????f???</sequence>
    <sequence taxon="CO8-MA-90">?a??a??M0Yfa??Maa?05aa5???W?a5aaf??5?Y???0S5faa5a?a?f??555??aM5Ra?05???5a0?a?a55f?5?a0?a5aa??05a?5?f?0aa?a5??f0R??5a?0Ya?ff5???a50a?a5aa5faa5a0000???a?a?0a?f0?Y???a5??f?K?a????faaYaaf5aaR??55??aaa?00?R5a??Y550f?Rfaf??5a55?af0aa?R???f05??05fK55??55a5??a05?0a5aaaa555????55a5a5??f?Rf0?W05?0?500ff?0a5Y?a?00a?Kaa0?00a0a5??a?5a????aaf5?M55?a0Y?5?ff0055a5af5555fR?fa0?5?????5af?a?aK?aa?555a?M0a?faa?a?a0550????????0???5f5aa?a5?500f?0a?a???5?a?a?0fa50?fa55?f??55?5???00f?a005a0505ffa50a?a0?5?5??55aR55?5?a?aYMa500??a?5?55a55?0fKM?R??R0?5??a5?aR??5?a?5?aaa5afa0?aaaaa?MY?????ffa5f50??05faaa?5?a?0???0?f??0</sequence>
    <sequence taxon="CO8-MA-91">??Y?aa??05?aK?5aa005?a5????0a?aRY???a?a5505?fa?5aa?5f?W5???5a5?0a???0f?5a05???5???5?aaf05?aa?a5??5ff???a0?5?5f0?Mf5?5?f?aff?00?a?0?Ya??a5?aa??????Rf??5a???f?0f?a5?a0a5f?f5a0a?0faa?a?f?????a555???a?0??050??fYYRff?f?f??5a??0aY?aaa0????05aa05f?555a?5a500a0??0a5aaaa55Y????55a5a?5MK????Y?05?005?RY??Ma5?5a000a?f?a??R?R0a5?5??5?????aa??a055?a?f55?ff?????5?f55?5f?Yf?M?5????a?a??a?a?aaa?5Y5?500a?faa00?a0550a0ff5fS????Y5?5a??af??0??50a??0a?5?a???0f??0aY?5?5faa5555a5500fa???5a050affa5aa?a?05f50055a?55S???R?Y?a500??????55a??S0fa???5a0?55?5a??a?5?????55?aa5??a0aaaaa?????Yfffffa5??00005?aKa55aa?055000f5a?</sequence>
    <sequence taxon="CO8-MA-92">??f5?aa?0?fa?a?aa005aa5???f0a5aRf??5aY??50?5?aa?aaa5f00??5?5a55Ra0a5R?a5a0?0??55fa55??5a5?a?a05aa5af?0a?0aY55f0??55?505aa?fa??0a50af?5aa55aaM??R???f??5a??Rf?0?fa5a?0aYfaa0?0a?0fKa?aaf5aa00a555?a???0???5RK5f5f??f?fRY555?5??aY0aaR0?5a5?5aa05??555?55a??0a05??a5?aaa5555??555a5????f?0f0ff05?00500f?00a5??a0?0K0aaa??aa05?5a?5?5R55a?aa?555???a?555aff005???af?555faY???05?????5?f?0??aa?a?5Y5a55?af?a??05a0?50a?fY5a5f??55Y55?a?af050??50a5?R?55aaaaa0?a50??a5?5?aa55?5?5500faa0??a0505ffa50aR?00?f50?5?????a5?aaaf5a5?0M?af50?5?Y5a0f?55R5a?0S??Ya?????a55a?5Ya?a?a??faa?aa?50ffff?f?fa??500005?a??55aa5055000f??0</sequence>
    <sequence taxon="CO8-MA-93">??55a???0Y?aaK?aa005a??af??0a5aa?a?Ya?a5???5f?a?aaa5f0?5???5a55?a???RY?5a05?5?55fa55aaYa5aaaa05aa5?f00aa0a555??0M5?a50f?a?f500fa5?a?a?aa5Yaa???00?0f5a5a5?0??0f?a5aa???fa???Maa0f?afa?f?aa0???5???a???R??5???f??Rffaf?f??5a5?0?50aa?????Y05a?05?a555a55a??0a05??a?aaaa5555?a555a5a???fa?f0ff?5??05?0ff00a555a00??0a?a00?005a5a?????55a0aa05??MMaaaY55?ff?055a?a5?555??5f??R50aa5a5af0af?aaaaK5?5055?affaa??5a0550a0f?5f?fa?5???5a??af050a?50a5?0a55aaaa??fa5?afa?55faa55?5a5500faa???a??05??a5?aaa00555aa55a?f5???a?aY?a5?M???f??55a??a???M505a??55R?a5aa?f?55a05?a?a5af?0a?a?aa????ffff?fa5f500??5?aaa55aa5?5?W0?f5a0</sequence>
    <sequence taxon="CO8-MA-95">a?55a???0Yfa?a?aa0??aa????00a5aR?a?5?Ya?50a5faa5a?a5?005????a5??a005??a??05a5a?5?a??aa??5aa??05?aYaf???a?a5?5f00555??0?aa?f500fa50afa???5?a?5a0000??fa5a??af5?fY?5aa5????a?a?a?0fKa5aa??a??0??550aaa000Y?5a??f5f?ff0K?5?55?55?aY0aa??afa505aa0??a?550?5a5?0?0550R5aaa?555??a555?5af50f?Rf0ff05K0?5?0ff?0a555a00?K?Kaa00a??0a5a550?a5?????05??55?aa?55aff005?a?aY5555?a?fR?R50aa5a5af?aff?a?aa?55?5?a?5?aa0a?a0550?0f55K50a?055??aa?a?05?af50a5a??5????aa0fa5??fa5?5faa5??f?5500faa005a0505?f?5?a?a005?5?R55?R?5?5faaa?Ma?M0?0a?5?55?55S0fa?505?a05fa5a?aa??a5?a?55aaa5a?a0?a??aa?0Yfffffffa??500??5faa?5??a???YWWWf5a0</sequence>
    <sequence taxon="CO8-MD-10">aa5?aaRM05?a??5a?005?a??fa?0a5a0faf5R?a?5055f?aYaa??f???5???a5?0a00?af?5?0Ma5?55fa55aaf05a????5Sa5ff00?K?a5?????555?5R5?a?f?R0?a50aYa5aa55aa0?000?0f?a5?50aff0K5a5aa5?5faa5a0a?0?aa??ff????0?5?5??aa000fa5??????0???faf5?5a?5?a?0a?a0aYaf?5a??5f?55???fa500a05?Ra5????55555a555a5af?0f?aW5?f?0f0?5??Ya00?5?5a??0????a???000?5??S05a??a0aa05??550aa?55?ff0055?fa5?5?5???Ya0?5??????af0a??aR?aK?Y5050a??faa0??a0???K????f?fRa?5f5??a?a5f??a5?0a?aa??5aaaa?0?a???f?555?a?5?55a???0??a00fa05?affa?R???????Yaa?5a?5?a5f?aaf?a500?0a?5?55a55?0f?05?fa0?a5R5???a05a??a?55?aa5?f?faaa?aa5??K?fffffa?f500??5f?aaY5aa5055000f??0</sequence>
    <sequence taxon="CO8-MD-11">aa55a?05?YfaKf?????Yaa??f?f0?5a?fa????a5?055f?afa?a5f???55a5??5?a0?50Ya5??505a55fa55aa5R5a?5?05??5?f??0a0??5ff??55?a5a?aa5f500?a5?a??5aa5?aa?a00000f??5??0?f?0??a????a5f?a0?0aa0??a5aKffa???a55??aa?0???a5?a?f??R??a?af?5?a5?0?50?aa0a??505?aR?f?555??Ya500a0M?Ra5aaaa55?5?a555a??Y50f??f05faMf?05?RYa00a??5aaa??0Kaa000?00a??5aR5?????aa??5555a?0Y?50ff005?R?a5?555?0ffa???0aa5a5???aKaaa5aa??5??00a?faaaa5?0f?0f?f5??a0aa55??????a???0?f?0a?a0?55aa?Ka0????afa?550?K55??a?500faa00?a?5?5ff?5?aa????Y5?055???5a5faaaf?a55?00a?5055a??a0ff??0f?0????5??a?af???a055????a?afa?aa???0ffffff??a5f50?005faa???aa5055000????</sequence>
    <sequence taxon="CO8-MD-12">?a55aS??0?f?aK?a??0?aK?afa00a5????aY?fa550S?f0a5aa?5f???55a?a5?a?0R5?5??a???5?????55aaY?5aa5aa5?S5?f000?0?5?5??0?Y5a5?fa??f5?0fa?0a?a??a??????R??0Rf??5aY??Yf0??a?a?5?5faa?a0?a0faa5a??5??a0R55Y0a?a??0Y?5?????5?ff???f?55a550a5?aaa?????05a??5fa555a5Ya5?0a0MM0a5aaaa555?5??55a?a???faRf?ffR0f?050?f?0?R?Y5aaa0a???a00Raa?a?a?S05a5??0aa0?a0??R?R?55???0?55a?a55Y55f?f?a?????a?a5afRaaf??5a?5Y505?Ra?f?a0a5?05?0?a?Y5?SWa??55f?aa0??f?0a?50???aS55?af???K?5?0fR55?faa???5a55?M??a005a05??ffa5?aRa00555aa?5a??5??f?aa5?a500?0K?50?5afM?0fK5???aRR?f05a?aa?Y?55a?5??aa5af?fa?aaaa??fff???f??5f500005fa?a55?a5055000f5a?</sequence>
    <sequence taxon="CO8-MD-13">a?55a???0??aa?Maa?0?????f?00a5aafaf5a?a550?5f?a???a?f00?55a5a55aa005?Ya5a0505a55f?55??Ya50a5?a?5a5af??Ra?0555f00?Y5?5afaa5??00fa?0a?a??a?5aa0?0000?ffa5a50af50K????????f?a?aMa0???aYaff5aa??a?5?0aa?000??5Rf5??fR?Yaf?f?55a550af??aa0a?af05aa??fa555?5Ya5???????a?aaaKY??55a?55?5a??0fa?05ff?0f?05??5a0?R??5???0K0f?aR??aa?a5a5?0??55?0aa????550?a?55af?0??5?5??5f?5?a?f?0a50aa5a5af0?aa??????Y5055???f???0?a??50a0f?5a5f?a?55f5a?0afW50a?50a5????5aaK??0?a500f??55?aa555?a55??faa00fa050?ffa5?a??005?5?a??a?55?5?Raa?5a5M000a?5055af?a?fa?5a???a??R5???aa5?5?a0??a??5?f?fa??aaa50fffff?ffa5f50000?f??a55aa5055000f5a?</sequence>
    <sequence taxon="CO8-MD-3">aa?5aa??0ffaaa??a0?5R?5afa?0a5aa?af5??a?50a?f?aYa??5f???55a5a5??a005?5a5?05???55fa55aa??5aa5a?5a?5f???aa0aY55f0a??5a505aaff5???a50a5a5aK5???5a??????????50a??0ffa5aa?a5?a?5a???0faa?aKffaa0?a5?50aa?a0??05??5?5?0ff0f????5a550??0aa??af?f?5aa??fa55?a5Ya55?a0?5a?5aaaa5?55?a555a???50f?0f0f?05f00???f?00a?5?a??0a?K?a0000??a5????5a55??aaf5a0550a0Y5?0ff0055afa5f555f???a0R?0aa5a?af?a????5af5?5?550??faaa?5?5f?0fa?5??a??a55f55?aaaff5???50a5??55??aaaa0?a5?R??Y55???55f5a???0f?a?0?a?50a?f?5?aa?00?55aa55a??5?5f?aa??a5?0????5??50f??0f?05af?????a5a5a?af???a0?5????a?af?aa?a?5????fff?fa5??00005f0??55aa?055000a5a0</sequence>
    <sequence taxon="CO8-MD-4">aa5?aa?00?0?aa5?????aa5afaW?a5a?Ya?5a5a5??a5f???aaa5??0?55a?a5??a0?5a5?5a05a5a?5?a55aa5a??a5?a5555ff00?a00??5f0?5?5a5a?aa5f?0?fa50a5a??a5?aa0a00??0f?a5?5?af5???a5aa5a5faa5a0a???aaY?a??aa?0?5550a?RRR05?5?f5ff5??Y?faf??5a55?a50aaa0a5af05?a??f?M?5?5??550a0?5aa5aaaa55555R5???5a???faaf0?f?5?00??afa???55??aa?a0faa00?R??a????05a5????af5??55?aaf550????5?a?a5f5?5f??fa0??0aa5a5af0aa?aa????Y5???aa?faa??5a?Y50Ka???a?f?a?55??a?Ra5?????50a??0?55aaaaa0?a500??55?Waa5?5?a5500faa?0?a0?0???a?aaaa005f????5aa?5??f?aa?5a5?00?a?505??f?a0fa?5?5a??a505?5aa?5555?055a??5a??f??a?aa5MYK?ff?????f?00??5f0?a55R??055000?5a0</sequence>
    <sequence taxon="CO8-MD-5">?a55?a?M05faa?5aa005aa5afa?0??a?5a???fa5??55f0???a??f?0?55a?a55aa0a?afa5a?5??a55fa55?????aa?aa5??5ff00Ra0R5??f0??55??a??aff?00?a??a5a5??55aa?a?????f5a?a50af5?f?a5aa50??aaMa?a?0??a?a?f?aa??a5550?aa???5?5?f?f5?0ff???f055a??0aY0aaa0?????5aa?????55a5?a550??5?00?aaa?55555a555????50fa??05fa?f0050??a000555aaa0a0Kaa00?0?0?5a5505a?5?0a?05a055????55?ff0055????Y?55???5a??5??????af0a????5aK5f5????aY?aa0?5a05a0??f55???0a05??5aaaaff50??50a5a?5?5?aaaaM?a50?fa??5faa5?55a55?0faa?0?a05????a5?a?a005????55aa??a5f0aa?5a5M000a?50??a?MS???55?Y?a??Y0?a5aa05555a055?aa5afaf???????????ffff?a???000?5Yaaa5??a????????5a0</sequence>
    <sequence taxon="CO8-MD-8">aa55aS??0ffaa?5aa00?a??a?a?0a5a0?af50fa??0??f0??aaa?f0??55a5?55?a005?Ya5a05R5?55fa5Yaa???a?5aa5??5?f000?0a55????5?5a5?5aaf?S?0fa5?a5a5a?55aa0a??????f??a??af??f??????a5?aa?a0a?0?aa?a???aa0M?555?aa??????5?a5??5aff??af?55a5?00?0a?a0?5a??Yaa0?????5?Y?????a000a??aaaa55?5??555a5a?50fa??0?f?0f0050a5a000555a??0a0??a00?Ra5a5?5?05a5Ma?aaW5S5??aaa?55???0?5???a5?55?fR5fa005?aa5??a??a?faa5a??55a?0?affaaa05a5?a?a?5??a?0aa55??5aaaaY??0a?50R5??a55aaf?a0aa50?fa555?aa5555a5500faa?0Ya050?ffa5??aa005f50055??f555?aaa?5?5?0?0aa505?a55S0?K???????a?a5a?aaR?a???055aa??a?a?a?a?a?50??ffffffaff500005fa?a5?aa5055000?5a0</sequence>
    <sequence taxon="CO8-MD-9">a???a???0f?aa?5?a00??a5afaf0a5?0Y????fR5??55f?a?aaa???0?55a5a55?a0a5afa5a?5R??55?R??aa?0?aR5?a55a5?f?0?a??555f0?5?5a50?aa?f?0???5?a?a?Ka??aa5a0?000ffa5a?0af5?f5a?aa5???aa???a00faafaf??aa?0?555?aa?00R??50K5?55?????RfM55a????50aaaRa5a?05aa0?fa???a55a5?0a05??a5aaaa55?55??f?a??5?0faaf??f?5f005005a0??555aa?0a?aa???aaa???a5S05a55a??a?5????????55???0055a?a55?5??aY?a0?50aa5a5a???afa??aa555??0??5faaa?5a?5????f??fSfa??5?f5a??af0??af50a?aa?55aa?a?0?a500fa?5?0aa555?a5500faa00?a050?ffa5??RaR05?Y?055a?55?5?aaaf5a?00??a?M?55a?5?0f??5aY?0?a5?5?5a?05555a055a?a5afaf??aa????fffffff?a5f5?0??5faaa??aa5055000?5a0</sequence>
    <sequence taxon="CO8-PA-26">aa5?aSa005faa?5aa005aa5?faW?a?a?f?f5?f?5?0a?faa5aaa?f0???S?5a55aa00?Rfa5??5?5aM5W?55??f?5?aSaa5?S5af0?0?0????f0??f5a5a?aa5???0fa50aYa?a?5Yaa5?????Rf?a5a50af5??fa5aaMa5?aK?a0??0??a5??f?aaa0?5?55?aa0005?5?a5f?YR?faf?Y0?5a5??a50a???aYaY05?a0?f?555a55?5??a0550a?a?a?555?0?555a5a5?0faRf?Y?R?f005RR5K00?5Y5a?a0a0?aa0000a?a5a?S0?a?5?0aa?5?055aa??55?ff0055a5Rf55f5??f???a?0aa5a5?f??a?a?5a?5?50?5????aaa055??5????Y5a??a?05????a?a5050a?50a5?R5f?aa?aa0fa5??Ya?55faa5555?550000a?0?a???5ffa?Raaa00????a55?a??a?f?????a5?0M?aa5?55a?M?0f?05?????5??5a5a?RYa?5a?55aaa5afa0aaaaaa50fffffff?a5f5?0????aaa55aa5055000?M?0</sequence>
    <sequence taxon="CO8-PA-27">?a55a?0M05faaa?aa?0??a?afa?0?5a??a???Y??50?5faa5a?a5f0055?a?a??0a?R?RYa5a05a5a55fa55aa5R5?a?a05???f?00Ra0??5?f0?5?5?5?f??5f5???050a5a???55???a????0f?a?a5?af50fYKYKa0a5f?a0a0a00?a?5aKf?aaa?a?5???a0000?a5a?5ffY0ff?f0f5?5R5?0a50aaa0afaf05a?0?fa555?5?a55????50a5aaaa555?5a?55a??Y50?RR?0ffR5?0?50R?a00?555a????0aa?0?RRa0a5?5S?5a5???aa0?a0550a?Y55?ff0055a?a?f5?5faYf?0050aa5a5af?a?f?R5a???5?????Yfaa?0?a?f?0fR5Y??50?a?5?fMRaaaf?50af50??a?a55?a?aa?fa5??f?5550?a5555???00faa0?fa?50S?f?50a?a005Y5R??5a055?5f??a??af5000aa5?5?af0?0fa0????aa?Y?5a???afa55a?55aaa5afa0aa?aa??0fffffff??5f?00005??aa55aa5055000f???</sequence>
    <sequence taxon="CO8-PA-28">?a??a???0??a?a5aa005???afK00a5?R5a????a5?0?5??a5aRa?f0055?a5a5??a0a5??a5a05a??55fa55aafa?aa?a????5ff????0?55?f0R??5K5?5aa??a00?R50?5a5aa5?a?M?0?000???Y??0aff0???5a????Waa0a0a?0faa??f???a00a?5?0??R000??5?K5f5?Rff??RYM5?a?5?a???aa0aYa?05aa0Y?a?55a?5a?50a??M?a5a??a?5??M??5?a5a?Y?f?????f?5f0050?f???R5?5a?00?0f?a0000?0a5a5a05a5Ma0?a0?????aa?f??aff00?MaY??Y555?0????a50a?5a5?f0aKfa?5aa5??0550R??????Ma?5a0?a?Y5f????55?f5??0??050a?5?a?a0a?5aa?aa0Ka?0????5??aa55?5a??00faa0??a?505?f?5?a?a0???5??55?a5555f0aa??a??0M0??505???M?0f?0Ya??0?SYa5aYa??5S?5a0?5aa??afa0a?a?aa50ff?????5a5f500?05faaa55aa5055000f5a0</sequence>
    <sequence taxon="CO8-PA-29">aa??a?aM0Y?a?K?a0???aa5afaW0a5a0??f5RYa550?Sfaa5aa?5f005?5a5a5??a0?5?fa5a?5?5a55fa55aa?0?aa5??5??5?f00Ra?a555f0?5Y5a?0YaaYfa0?Wa50?5a5a?5fa?5?R?0?0f?a?a50a???f5?5???a5faK0???a0?aa?aaf5a????5550a?aRR?5?50??ff????0fR???5??5?a?0?aa0afaY05??05fa5??a55a550a????a????a5???5a?55a5a?50f?000ff?Mf005R0??0M?M??a?00?0?aa000a00a5a5??5?5??0?a?5SM55?a0?55?ff0055a??Y?5?5f??fa??50aa5a5?fRa????5?K55f05??a?faa0R5a0?5?faff5??W?R55fY5a??af0?0?f?0a?a??5??a?aa0fa50af??5?faa5555a55?0f??005a?50????5Ra0a0??f?0?55?a55??f?aaYM?5?00?KK505?aY5?0??550f0?a?f?5?5aa0?a5??055a?a?af?0?aaa?a5?Y??fff??a5f500??5??a?55aa???????f5a0</sequence>
    <sequence taxon="CO8-PA-32">aa??aa??0YfRaa5a000?aa5af?0?a5aRf?f?0?a??05?faa5aaaMf?0555a?a5?Ra0RM0?a?a?5a5?MM??55aa5R?aa5a05a?5af0Maa?????f?R5?5a5RYaa?fa00?a?0a?a5a?5?a?M??????f?a5a50??YMffa5a?5a5f????0?a0?aaYaKf?a?R??55?0aa0000fR5R?5fY?0ffafR?555a550?f0aaa0?fa???a?05fa55???5??50a0?MRa5aaaa555Y?a555a??Y??faR?M5fa??0050??f0?0??5aa00a0?aa000??5a5a5S05a55a0a???a?55aa0f55????055??a?f??5Y?5f????0aa5a5af?a?aa?5?f??50?0?a5?aa??????50aRYf5f???aM5????aR?Y050aff0a5a0a?5aa?a?0fa5?05a555??a55??a5500faa005a0505ffR5RaR?005?5?R55aa?5?5fRaa5?a5?0M?af5055a?Ma0fK?fa??a??f??a?aa???55?055?aa5afa0a??aa?50ffffff?fa5f5000?5faaa55aa50?????f5a?</sequence>
    <sequence taxon="CO8-PA-38">a?55aa????fa?K?a???????a???0?5aa???5aY??50S?f??5a?a?f?W55?a??M?Ra0??R??5???a5??????????R??aS??5?S5?f?00???5?????5Y5a5R???Yf500??50Rfa5aa5f????????R?Y?????a?f??5?Y???a5faK5a0?a?faKYaKf??a00a?55?????0???M???fY5?ff?f?????a????f???a?afa?05??0Y??5??a55a5??a0???a?aaaKY???5a555a5a??0???W??f???0????????R??5a??0?0?a???0Ra0??a5?05a55a0?aW5a0MM?a??55a??R?55???YY5?5f??fR?R50aa5a????a?f?R5a???5a????Yfa?aR5a055?faf5?K?00?05???aaR?Y????f?0a5?0a?????a?0???0????55faaM?5?a?500W?a005a050Sf??5?aRa0???5?R55?Rf??5Yaaa5??5?????K5?????MS0f?MYaY?a?55R?a?K??Y?5?a05?aaa5a?a0aaa?aa?0ffff??ffa??500WW5?aaa55aa5055000?5??</sequence>
    <sequence taxon="CO8-PA-39">??5??S?M0?faa??aa??5aa5?f?00a5aR??f?a??5?0?5fa?5a?a?f005???5a5Y0a??5R?a5a?5a?a?MW???K???5aa5??5?a5Kf000a??555f0??Y5?5????ffa00Wa50??a5aa5???M?0?0??f?a?a????5?fYa5a?M???af0?M?a?f??faaffaa00a?55?aa0?00f?5??5???Rff?faY0?5a550a5??aa0??aY05aa05f?55??55055?a0M0RaY????5555??555a5a???f?RW0?WR?f005?a5???05?5?aR0?0aa?0?0?a?a5a550?a55a?a?f5????0a0Y55a?f005?a5af??55f???a0???????5???a????5aK???0?5?a?faaa?5?05?0a?fY5KS0???5??5?aa??0??a?5?a5a05?5aaK??0f?50?f?55?f???55??5???faa?05a0505?fa5Ra0a0??Y5a?55a0f555fa???Ma?50M0?f50?5??0a0f???a5a??aYR5a5?a?Y?5??055aaa5??a0aa?aaa50ff????ffa5?500005fa?a55aa5055000f5??</sequence>
    <sequence taxon="CO8-PA-40">?a55?SaM05faa?50?00?a?5afa00a5aR?af5a?a5505?faa??aa??0?555a??550a0R??fa5a?5??a55fa5?aa???a??a05?S?af0?Ra?R555f0a5Y??5RYaa5fa??0?50af???a5?aa???????ffa???0afYMf5KYaa0??faaM?0?00??a5a?f5aa00a55?0aaa0005?5?a5?Y?aff0f?YM55a550aY0aaa0a????5a?05fa??5a?5a5?0a0?00a?aaaa555?5?555?5??5???a?0Y?R?f005??????a5?5?aR?a0Kaa0000a0a5???05a55aR?aW5??55?aa?5??ffRR??a??ff5?5fa??a0R5W??5??af?aK?aR5a?5Y5?5?R????a0?5a??5??R?f5f??0??5555??0?ff50af????a?a55?a??a0fa5?????5??aa5?55?5500???005a050affa?0a?a0?5?5??5?aaY5?5??aa???5?0M0?f50?5?5??0ff0?0???a?f?5a?????555?0?5aaa5afa0aaRaaa50??ff?ff?R5fY00005faaa5?aa5????W?f??0</sequence>
    <sequence taxon="CO8-PA-41">?a5?a5??0?f??f50R???aa?afa?0a5a?5??5Rf?550S??aa5?a??f?0555?Ya5????0?Rf?5a?5a?a55fa55??Y?5???aR5??5af00????Y55????Y5a????a?f?00?a?0?f?5aa5f??0a?000?f5a5a???f?0f5a5aaMa5faa5a?aa0faafa??Ya?00a555?a???00??5?a5????ff??a?0?5a??0aY?aaa0a5a??5?R0?f?5??a55a500a0M??a5a?a????55?55?a5a?50f?R??f???f0050?5K0????5a?0?a0aaa00???5a?a??0?a55a0aR????55?aRf55?ff0055a?a???55fa5faMa5WK??KY??RaK???5af?f50????5fa?????0550?aY55?aW0??5f?5?a??f050a?50a5a??55?a???0f?5??fa?55fa?5555a5555faa5?5a0?0???a5aaRa0?5YY??55?0?5S5f?aa??a50?M0?f5?55a5?a???MY0??0a?f?5a??a05??5??55?Ra5af??a????a50fffffff?a??f0000?f?a??5aa?055000f?a0</sequence>
    <sequence taxon="CO8-PA-42">aa5??aa?0f?a?K5??00?aa5?f?0?a5??5af?0Y??5?5?faa?aa??f00??5a?a55?a?05a?a5a05??a?5fa55aa5?5aa????S?5?f00aa?0Y55??a5?5?5?5aa?f?0??a50af?5aa5faa5??????f??5a5??f?Mf5?5aa??5fa?5a?aR0?aa?aff5aaR0a5550a?a?0???5?K?ffY0ff0?0Y??5a550?50aaa0a?aY0?a?05?a555a55a5??a???aa5?????5?50?55?a5a?50???f?Y?R5f0050aYf?????5aaR0a????00?00?a???a0?a?5a?a00???55aa??5?0?f0?55a?a5?55?faf??0??0a?5a??f?aa?fa5aK5Y?a5??a?f???0?a0550??55MfSWaR55555?a0af?5??f50a5a?a5??Kfaa0f??00?a?5?faa5?55???00fa?005?050??Ya5RaR?00?f50055a????5f?aa?5a?M000aa5?55a5??0fa?faf?aaSf?5a?a?af?55a055?aa5afa0aaaaaa5???Yfffff?5?50???5??aa55aa5055000f??0</sequence>
    <sequence taxon="CO8-PA-43">??55??RM05faa???a005aa5afa???5aa?a?5????50??faa5?a??f00555R5?MYa??a?R?a5??5aY?55????aaY??aaa??5a?5af0?Ra0?555??05?5a5R???f?a000a50?Ya?aa??a??a00000?YR5a??af5??fa5a?5a5???0a0aR0faaYaa?5??R0?5?5?a?a?00Y0?R?5f55?ff0f???55a55?a50aaa0afa??5a?0?fa??5a55a5?0??5?aa5aaaK?5?5???55a5a??0fa?f?Y??5f0???RfK0???5Ya0?0a0aaa000?a0a?a5a??a?5??aa05a055aa??55?ff0?55??a??555YaYf?0a?0aa5?????af?a?5af5550?0Raf??a0?5?0550aR555?50R?M5Y55aa0a???0af50a5??555a??aa0?a5??fa5?5faa5555a5???faR?0????0affaY?aRa0?????05?aR?5?5f?aa?5?5?000af50?5a?5a0ff0?a??0?5f?5a5aa??S?5a055aa?5afa0aaaaaa5????f?ffY???5??005faa?5?aa?055000?5a0</sequence>
    <sequence taxon="CO8-PA-46">?a55?Sa?05??af5a?????a5?fa?0a5?afaf?RYa55?5?fa?5aaa5f?0555a5a?50a0a?05a5a?5R?a5?f???aa5?5a?aaa5???af00aa0R55?f0?5??a5R?aaffS?0fa50aYa5a?5Yaa?a00000fY?5a?0af5?ffa5a??a?faa5a?a0?faa5aa??a???a55?0aa????Y?5af?ff?0ff???fM55a55?af0aaa?afafW5aa?f?a555a55a?M0?0???a5aaa?5555?a?5?a5aY50faRW??f?5f?0?0afK0Ma5Y?aa?0a0aa?00?R?M??a?a?5a55??a??5a0??0a0555aff0055a?af5?55?a?fa005??a5?5af0aa???5af55?a?0?af??aR?5a?550K????f???a???55aa?a?05??f5?a5??a???a?a?0??50?f?555faa??55?5?00???00?a0?0??fa?RaRa005f5RR?5a??55?f?aa?M?5?0?0???0?5a??S0ff0fa?a?a55?5a5aa????5??55a?a?afa0aaaaaa50?fff?ff5a?f?00005faaa?5aa50?????f5a0</sequence>
    <sequence taxon="CO8-PA-47">Ra55aaa50?fa?K?aa00?aa5?fa?0a5a0Y?ffa?a?50a5fa???aaMf005???5a55Ra?R?R?a?aW5???55fa55aa?05aa5a?5??5?f??0a??YY5f0?5Y?a5a??aYf50??a50a?a5aa5Ya?5a??000f?a??50af?Mff?5a??a5faK5aMaa0faa?aaf??a00a55?0a?0000?R5??5??Y??fRf0??????5?a5??aa?a5a??5?a05f?55??55a???a???0a5aaa??55?M??55?M?f50?a?f0?fa5??05RaYK0??555?0?0a0?aa00??a?RYa5505??5a?aaf?a055?a?f55?ff??55a??55?55fafY?0R5???YK????a?faa5?f5Y5a50R???aa?05a055?fR?5??SWR?0???5aa??f05?af50a5??a??aa?aR0f?50aYa555?aa5555?55????a005?05?5ffa?Ra?a00?Y5??55???5??faaa??a5?0M0a?5055a55a0f?MY??a??55?5a5?a0??5?a055aaa5afa0a?aaa?5?fff?????a5f500??5fa??55aaY?55000?5a0</sequence>
    <sequence taxon="CO8-PA-48">aa5?a??00???aa5aa005aa5af?f0R?aR????RY??50??faa5?aa?f0055??5a5??a0R?RYa5a?5???55fa55?af05?a5??5???K???0a?aYf?f0???5a5a?aa?fa00fa50afa??a5Ya?5a??????5a5??0afY0?Ya5aa?a5faf5a??00faa?aaf5aa?Ma5550a??0??5?5RK5fY5R?f?fa???5aY5???0aaa0aYa505a?05fa55Ya55a550a0M??a5???a555?5?M55a??550?a?f??f05K0?5???K00a???a000a0a?a??0R0?a?a5a?5a?5a0a?fMa0?50aa555?ff?055afRf?555fa5f??0?0??5a5???aa??0??f55?05M?a?faaa05a0?50f05????f??M5??5??Ra?050a?50??K?55?aaf??0Ka50R?a55????555?a5500f???0?a?505?fa??aRa????50055aaf555?a?a??a5000??K?055??5a0f?0?af????5??a???0??5?a??5?aa5af?0aa?aaa?0f????fffa5f500005faa?55aa?055000?5a0</sequence>
    <sequence taxon="CO8-PA-49">?a55??R50f??aa5aa005aa5af?0005aRY???a?????a?faa5aa?5f005???5a5?0??R5?Ya5aW5a5???fa55??5R5a?5??5??5?f0?0?0a555f0a555a?a5aa5f500W?50a????a5?a?0a000?0f?a5a5?a?50?f?5a??a5faa?a0a?0faaYaaf?aa00?5550????0?f?5?K?f?Y?f??f?5?55??50a?0aaa0a?a5?5K?05fa555a55?Y?0a05?0?5?aKK?555Ma?55a5a?50KaRW?ff??f005??YK0?a5?5a0?0a???a00?000a5a5?05?55R0aa?5??55?a0Y??aff0055a?aff?55fR?Ya??????????f?af?a?5af??5a5Ma?5??a??5a05??f??55K5WaR?5????a0af0?0??50a5aR?5???a??0?a50R5?555faaM?55a??00fa?00??0?0?ffaYaaaa0?5???05?a??5a?f?aa5Ma5M000aK??55a???0fa?f?YaR0?Y?5a??a?YS55?055?aa5?fa0aaa?aaY0?f????f?a5?5??005??aa?5aa?05?000f5a0</sequence>
    <sequence taxon="CO8-PA-51">aa?YR?000ffaaK5?a005?a5?f?f0a5a?YaK???a?50?5faa5?aa??00555a5a???aM05afa?a?5?5a????55aa5a?aa5a???55af??0a0??Y?f0R5??K505aa?f500Wa5?a5R5aa5Ya??a0??00f?a??50af55ff???a5a5fa?5a0a?0faa?aa??aa0?a5?50?a?000fR5??5f?Y0Y??faY0?5?5??a?0a?a0af?f05a?0??a?55a55a???a0M?Ra5aaaa5555??555a5aY50??RWM??R0f00?0R5K00R55?a??0a0?aa0?00?0a5a55??a55??aa?5a0????0555aff?R55?5a?f?55?a?f?0050aa5a5Rf?aa??05a??f505???f?aaa05?0550a?f?Mf????55?f??aRa?0?0af50a?a0S5??a?aa0fa5??f??55?aa?5?5a5??0faa005a050??fa?aa?a00??5005???55a?f???f5a50??R?f?0?5a5???f?????Raa550?a5aa?f?55?055a?a5?f?0aaa?aa?0ff????ffa5f5R0?????aa55aa5??????f5a0</sequence>
    <sequence taxon="CO8-PA-52">?a5?????0Y?a?f5??005?a5?fa??a??a??????a?5055faa5aa??f0?555a5a55aa0R?0?a5a??a??55fa55aaY??aa?a?5?a5af0?0a0?Y?5???5???5?Yaaffa?0?a5?a??5aa55a??a00000f5a5?5?aff?ffa5?a?a5f?a0?Ma?0faa5a?f5a??0??5?0aa?000505?K5f??0?f?fR5???a5?0a5??aa0?YaY???a05??555?55a550a0?Maa?aaa?555?5?555a??f5?f???0YfR?f005R?f?0?a5Y?a0??a0faa00R0R0??a5?0Ya55?0aa?5??55?a05550ff??55??a5f555??Y???a?0aa5a5Rf?aa??R5aa5?505?aa5faa?05a0550KR?5?fS0RRM?555?aRaY0?0?f50a5aR?55aa??a0fa5?Rfa555?aa5555a5500faa005?05?5ffa?0a0a0??Y5R?M???55?5fR?????50?0?????55a?M?0f?0??5a??5?R5a5a?aY5??a055???5?fa0aa??aa50ffffff?fa?f500005faaa55aa?055000f5a0</sequence>
    <sequence taxon="CO8-PA-53">aa5?aa00????aa5aa005Ra5?f???????5aK??5??5?55f?a5aaa???W555?Ya550a?050Y?5a05a?????R55aa?R5aa?R?5??5af00Ra0?Y55f0?5Y5?5??a?5?a?00?5?a??5a?55aa5??????f??5a50af50ffK????a5f?a?RM?0?faa?aaf???0?a55??aa??0?5?5Rf5??Y0???fRYM5Y????a50aaa0?fa?05a??5f?55?R55a5???0M??a???aa5?55Ma555a5a5?0?aRW??f05f0050aY?0M?5Y5a?0?a0aaa0M?0a0a5?5????55aRa?W5555?0???5?af?RR55a?afY??5f?5fa??5W????5?fRaa?K05aK5Y505?aa??aa0???05S?f???5Ka0a???555?aaaY050af5???aR5?YRafaa?aa50Rfa55??aa55?555500faa00?a0?05?fa5Ra0a0?5fY??55aaf?a?Y0aa?0a5M050?K?055aY??0fa5f0Y0????R5a5a?0???5a?55?aa5?f?0aa?aaa50fff???f?a5f?00005faa?55aa?055000?5a?</sequence>
    <sequence taxon="CO8-PA-54">a?55a???0Yfaa??aa005?a?a?a??a5a?5??5?5?Y50?5??a5aa??f005?5a5a5??a005a?a5a0?05a55fa55??f05aa5?R?aa?af00?a0a5?5f00?Y??505a?f??0?0a50a?a5aa55aa?a00000?5??a50a?55?Y???????faa????a??aa?a??5a?00a5550?a0?005?5a???5?a?fafR??5??5?0a5?aaa?afa?05a?Rf??05?a5?a5??a0??aaYaaaa55?????55a5aY??f?aW?5f?0f0050?Y?0?????a?a0??f?a???a0?a5??a05a?5?0aa0?5555?aa555aff?0??af?5Y555f0?f?0?50aa5a5afaaafa?5????5?5??a?f?R0?5a???0????0fa0R?M5?55aa??f0?0a??0?5a??5??a?aa0K?50??a5?5??a??55a5500?a??05?05????a?aa?a005Y5aa55a?5?55YRaa50?5?0?R?f50?5af5S0fa0??f0a???R5a?aa?5?55a0?5aa?5afa0aaaaa?50??ffffffa5f500005faa??5aa50f5W00f5?0</sequence>
    <sequence taxon="CO8-PA-55">??5?a??005??a??aa?0??a5afaf0?5a??aKYa??5???5f??5a?a5??0555a?a55?a?R5a?a5aW5??a55fa?5a?5R?aaSaR5S55??00Ra?R555f0?5?5a5R?a?ff5?0fa5?afa5a?5?aa5a0000?f???a??af5?f5K??a5a5faa5?0aa0faaYaaf?aa00a5550a??000fR5??5fY?R??Rf0f?5?a?5?af0aaaRa?a50??a?5fa555a?5a55?a0?????aaaa55555??55a5a?50?aRW0Yf??f00500?K00?555a000a?a?a00?Ra?a5?5?0?a5?a0?a055???0aR55?aK??055???ff55???Y??0??0aa?a5a?0?ffa??aa55505?0affaa0?5a0550???5?K50?R55??5aa??fW50af?0a5K0a?5?af??0f?50?fa?55f????55a5500?aa?05a0505ff0????a0??Y5R?5??R?Y?Y?a?aY??50???af5?55????0ff????a0R5?a5a?aaa?S55a055Raa5afa0aaaaa??0ffffff?fa5?5000?5??aa55aa50??????5a0</sequence>
    <sequence taxon="CO8-PA-57">a?5??a??0?fR?a???00?aa5?f?00a?aR5a??aYa5?05?faaf??a??0005?a5a5?aaM05??a5a?5?5?55fa55aa?R?aaSaR5SS5ff00aa0?Y55f0R5?5a5a5aa?f5000a50a5a5a?5Yaa5a00?00f5a?a5?af???fa5aa5a5f??5?Maa0f?a5aa?5a??0a?55?aa?????a50????????af??0?5?55?a???aaRaf?505a?05fa555a?5??0?a0??R??aaaa??5?0a?55?5aY50f?Rf??fR???050RYK0?R?Y?a?R?a?a?a0000a??5a5S0?a55?0aa?5a055??0?55aff0055af?f?555??ffa???0aa5a?af??Kfa?5Ka555a500a?f??a?5a0550?a?55fa????5?55??a???50af5??5a?a55aaa??0fa5??Y?55??aa???5a5?00faa0???0?0????5?aaa????5???5?R?fS5f??a5???M000af??55??5a0ffMf?faaaS5?5a??a??5??a055R??5?fa0???aa?50fffffff5?5???0??5??a?55?a5??????f??0</sequence>
    <sequence taxon="CO8-PA-58">?a55aS?0????Ka5?a?05aa5afa?0a5a?5?afa5?5?05?f?a5aaa?f?0?????a55Ra0a5a?a?aW5??a5?f?55aaf?Maa???5aa5?f00aa0aY55?Ra?Y5a5?Yaa????00a?0af???a55???a00000f??5a5?a?55???5aa0???aK??0aa0Ya?Y??f?aa00a?550aaa?005?5??5f?YRf??f?????a?5Raf??aa0a5a505?a05fa?55a?5a5???00???5aaaa55Y??a555??aY50?aRf??f05f0?50RfK0??5?5a??0a0f?a0000??a5?5S05a5?a0aaf?5M55R?R?5?aff?055a??f55??f?5fa0aY?a???5???af?a?5???55R??0a??a?005a?550?0?5?aS???055f5a?a????0af5??5a???5aa?aa?fa??R??55?f??5555a5500???0?5??00?f?a5?a0a0??Y5??55aaf???faaaf5??M?5????055??M?0f????YR??a??5a5aaaf5??a055?aa5?fa0aaaaa?5?fffffff5?5?500005?aaa?5?a?05500???a0</sequence>
    <sequence taxon="CO8-PA-59">aa??aaa?0??a?a?aa00?aa5af?W0a5aRYaf5a??5??SSf?a5aaa?f0055????5?0a?0???a5?05??a5?????aa?R5aa??R5aa5ff00?a0?555f?0??5K5??aa?f?0?0a50??R??a5?a?0a0000??f?5a?0a?5?ffa5?a5??WaK5a0a0??aa???ffaa00a55?0aaa?RR?a5aK5f?Y0ffaf??M5?a?50a???aa0aYaf05aa0?faM55???a5??a055?a?K???5555???55a5a?50???0?ffRMf0?5??Y????5Y5a??0a0?aa??000?a5a??0?a5????a05S055aa?Y5Y?ff0055a???Y555fR5f?0a??a??a5?faaaa???aa??505??a??aa0?5a???0fR?Y????0?055??a?aaY050af?0a5a?a?5aa??a0Ka5????55??aa0555a5500faa00??050??f?5Raaa?05?5??55a0??S5fRaa50?5?000a????5a5??0f?5?a5?aa???5a5aa?f?5?a???aaa5Rfa0aaa?aa5?fffffff?a5?500005?aaa55a?50550?0?5a?</sequence>
    <sequence taxon="CO8-PA-61">aa55a?a00Yfa?a?aa005aa?af?W0a?a???a5?Ya?5?a?f?a?a?aM?0055??5a5?aa?a5?Y?5?05a5a55fa55aafa5aa?a05?S5ff??aa0??55f00??5a5a5aa?f500?a50afa5aa5?aa0??????f??5a5?af?0f???Ka???f?f5a?a??faafKKfYaa?0??550aaa0005?5R????f?ffafa5?55a5?0a5?aaa?aYa50?aa05?a555??5a5M0??0M??5a?aa?55?M?555?5a?50faRf??f???0?500??0??5?5a0a0a0aaa000R00?5a???5a55a?a?05?M??0a?Y5??ffR?55afaY??55??5f???50aa5a??f?a?aa?5aa??5055?a5?aa0a?S?550?af55fa?RR0???5aa0??050?f50a5???55aaa?a0??50?fa555faa55555?500faa005a??0?ffa??a?a00??50055a0?5?5f0aa???50?0???5055aY5a?fa??a5aa?55?5a5a??????a?55a??5R?a0aaaa???0ffffff??a5f5?0??5??aa55aa5055000f000</sequence>
    <sequence taxon="CO8-PA-62">??55aaa?05f???5aa005aa5R??00a??af?f?0??5?0aS?aa5aa??f0??55a5a?Yaa0a5R5a?R?5?5a55f?55aaYRMa?Saa??S5af00?a0a555f?0555a50??a5f500f?5???a5a?5?aa?a0??0?f?a5a5?af??f?a5aa?a5f?a5a?a00fa?5aff?aa????550?a???RYa5R?5?5??ffa???M55?5?0???aaa0aYa???aa05fa55??55a55?00M5?a5aaaa555??a555a??f50K??f??f?5?0?5????0??5??a??0a0a?a00a0??a5?5a0?a55a0a?f55555aa??55??f??55a?a??5?5f?Yf?0?50aa5a5af0a?aaR5Ka5Y5?500a??aa?05??5???R5Y?????R05?55aaa?f0?0a55?a5a??Y5aaa?a0fa50?5a55??aa?55?????0fa?0?5?050?ff?5Ra?a0???5RR55?Rf?55f?aaYMa5??0?af5055aYMS0f??Y?Y0?a5??5a5aK0fS?5a055aaa5a?a0aaaaaa5?YK?ffff5a??5?0005faaa?5aa5RY????f5a0</sequence>
    <sequence taxon="CO8-PA-63">?a55a??005?a??5aa??5aa5?f?f0a5a?5R??aYa?5?S???a5?aa?f00?55a?a5?0a??5RYa???5?5a55?a55??Ya?aa?a????5ff00?a0?5??f005?5?50?aa?f5??fa50aYa??a55aa??00000fYa?a50aff?f????aMa5f???a0??0f?a5??f???00?5?50???0????5?a5??YRff?f?Y0???550aY??aa0?Yaf05aa05?a5?5a55a5M0??55?a5aaaaY??Y?a?55a5a?50?a?????RMf0?5?R5?0??555a0?0?0aaa000RaMa5a5a05a5?a?aaf5??550aRY55?ffR?55aYaf?555???????50aa5a5a??a??aR5?a5Y5R50aaf?aa??5?0550?0f??aSW0R??Y55aaRa?050af50?Ya0??5?afaa0fa50aYa55??Ra5?55?5500faa005a0?0S??a5?a0R00??5?055aR?5?5f?aaf?R5?00??K?0?5aYM?0fa???50aR5?R?a5a?0f55??055?Ra?afa0aaaaaa50f?f???f5a?f50000?faaa55?a?05??00f5a?</sequence>
    <sequence taxon="CO8-PA-64">?a?5?5R00?f?a??aa005?a5af??0a5a?5???a?a?50?Sfa?5a?a?f00?55a?a5?aa0R50fa?a?505a55fa5?aa??5?aSaR5??5af00aa0?Y55f00MY5a5RY??5f???Wa50a5a????5aa0?00?0?ffa??5?af5?f??5???a5?aK??M??0?aa?a?fYa?0???5??a?aR??f?5??5f5???faKRYMY5?550a?0aaa0KY?f?5?a0??a55??55a5?0a05MR?5aaaa55?50??55a?Rf50f?R???f?0?0050R???MR555a00??0?aa?000??a5a?a?5a?5a0?a?5a0??aa?5?5a???0???5aff555f??fa0R?0?a5a5af0a?fa??a?5Y5050a?ffaa?a???550?Rf5?????R??f55aaa?f0?Waf50a5aRa5?aaf?a??a50?fa?5?f?a5555a5500faa?05a050?K??50aRR0???5005?a?Y555f0a?Y??5M?M0?f5?55aY5?0fa??????a55??aYaa05?55R055?aa5afa0a?aaaa50f?fffffYa5f500005??aa5?aa?0??0??f5a0</sequence>
    <sequence taxon="CO8-PA-65">aa55a?R?0f?a??5aa005a???fa?0a5?af?f?aYa550a5faa5aa?????555a5a5Y0a0??a?????5??a55fa5?aa5??aaS??5?S5???0a???5?5f0a5??a5a5aaff500?a50a5a???????M?R??????a5a????YMffa5a?Ma5????a0aR0faa??f?fa?R0?555?aRa0005R5R?5?Y5??YRf05?55a55?a???aa0a?a?05a?05??55?a55a5?0a0?0aa5?a?a555????55??Rf?0faR??ff0Mf??500??0MRM?5RR??a0Ka?00??aMa5?5a05a5?a0?a??a?550a0555aff??55a5??f?55faY?a0a50?a?a5??aR?Ka?5aa??5?55??5?aa?a5???50??5?5a??0R?5?f5???a?050af50a??aa???a?aa?fa??R5?555faa5???a5500?a?505???05ffa5???a0???5??55?0f5?5?aa?????000?????55a5?S0fa?fRYR00aYR5a5aK?f?55a?55a?a5afa?aR??aa?0?f?fffffa??500005??aa5??a5??5?0?f???</sequence>
    <sequence taxon="CO8-PA-68">aa??a?R?0ffaaK5?a?0?aa5afaW0a5aa??aY?5a5MM5?faa5?aRMf?0?????a?5?a?05RYa5a??R5?M?WR??aaY??a?5a?5?S?af??aa??55?f0R5Y5?5a?a?Yf5???a50afa5aa55a?0?R????????a?0aff0f?a5a?Ma5f?K0a?aR0faa?a??fa??0a5550a??R0?fR5RK5??Y?ffaf?55?5a550a?0?aa0a??f05aa?5?a?5??55a55?a0?5aa5aaa??555?a?55a5a?50???f5??0?f?050???0?R555RRR0a0aaa000?a5?5a?a05?55a??a?5??5?aa?Y55?ff0055a???555??a??a??50aa5a5??0?f?Ka5a?5f?0500a?faa0a5a05??aR?5?f??0055???a??a??50af50a5a?a5?aa?Ka0aa50afa5??faa555??5?00f??005?0?05ffa5?a?a005Y50??5a?Y555?RaRf?a5M00?a????5???S0f?55RYR?0aY??a?aa??S5?aM55aaa5afa0aaa0a?5M???YYKffa5?5?00??faaa55aa50?5000?5a0</sequence>
    <sequence taxon="CO8-PA-70">aa55a5a?0?f?aa5aa005a?5af??0a5aRYa??aY?550SSfa?5aa?5?005????a5Y0a0?5?5a5a0??5a?5??5?aa??5aa?R0?S?5af00?a0?555??a??5a??Y???fS00?a50af?5a?55???R0??R0?5?5a?0?f5?ff??aa???faf5?0?00faa?a?f?aaa?a????aa??0?505R?????R?f??R???5?55?aY0??a0a?a?05aa0??a555?55a5?0a0M5Ra????K?555??55?a5a?50?aR?M?fRM??050R?a0?a5?5a??0?0?aa000??0a5?5??5?5??0aa????55a??f55?ffR?55?Y?5Y555Ya?fR005?aa5a5?f0aKaaa5aa??5a?0?af?aa?a5a0550?aY?5fS?0R?55?5aaa?Y050a??0a??0S55aaK??0????R???5?faaM555a5500faa?05?0?0Sffa50??a0??f50R55?0f5a5faa???a5????a???55a5?S0fa?f?Ya??a?0???aa?f???a055aaa?afa0a?a?aa50fff????Ya5?5????5faaa?5a?50???00f5a0</sequence>
    <sequence taxon="CO8-PA-71">??5?a?a?0??aa?5a?005aa5?f?W0a5aR??a?RYa?50S??a?5?a?5f0055???a55?a?R5??a???5a?a55fa55a????aaSa?5????f00R?0??55f00?Y5?5Rf???fa??Wa5?aY?5a?5?a?5RR?R???fa5a?0af?5K?K?a?0a5f?a5??a?0faa?aaf??aa0a5550?a??0??R5??5fYY??fa?Rf0Y5a550a50aKa?a?aY05a?05fa555a55a50????50a5a?aa5?5?M??55a???50?aR0Mff?5????0R???0a5?5a????0aaa??0???a5??S??a?5a?aa05??55?aa?55af??R55a?a??555?a???0?50aa5a?afRa?aaa5aa5f50???a??aa0?5a0?5???5???S?0??5555aa?K5050a?50a5?Ra55aafaa?f??0?f?5?5faa55?5a??00f?a0?5a5005ffa?aaRa0?5??005??Rf555?aaa?0a5M0??????55aY?S0???f?Y?R0???5a5aa?5?5???55aaa5afa0a?a?a?5M?KYffff?a5f500005faa?5?aa5055?0?f5??</sequence>
    <sequence taxon="CO8-PA-73">aa55a5?00Y?aaf5aa005aa5?fa00a5a??a????a55???fa?5aa??f005?5?5a550a??5a5a5a05a?a?5fa55aaYR?aa???5?a5?f0??aWa5?5f?a?55?5?Ya?5f????a50a?a???5Yaa5R0?aR0f??5a?0af?M?5???a5a5faa5a0a?0Y???a??5aa00a55?0aaa000505?f5f5?aff?f?f???a5?Ra?0aaa0a?aY?5??0?fa555a55a550a0??aa5??aa5?55?a?55a5af?0fa?f??f?0?R0f0afK?00555aR?0a0?aa0000R0a5?5a05a55a0aa?5?055aa????0??0?55afa??5?5faYfa0a50aa5a5afa?f??R5aK5?50?????fK?0R5a055?fafY5?500??5?Y??a0a?0?0af50a5???55?a?aa0?a50?fa??5?aa5?55aff00faa0a?a05?5ff?5?a?a005Y5aa55?Rf?55fa????a??00?a?5055a55a0?a5fa???Ra?a5a5a?05a55a?55??a?afa?aaaaaa??????fff?a5?5??00?faaa55aa5055000?5a0</sequence>
    <sequence taxon="CO8-PA-74">aa5?????0f?aaK?aa005aa5?f??0a5aaY?f505??50S5fa?5a?a?f0?555a5a55aa?R??Ya5a???5a55fa55aaf?5aa???5Sa5ff00Ra0aY5???0?5Y?5???affa00?a50a?a???55aa5?RR?R??fa?a5W??5M?Ya?a?0a5???5a0aR0faa5a?WY?a00??550?aR000Y?5aa5????ffa?R?M?5a???a50a?a0a5a?05aa?5fa?55a55a5M0a0?0Ra5aaaa55??Ma?55a5a550fa?W0Y?0?f???005f??a5?5aRa?a0?aa?0a?R0a5?5?0?a55?0aa?5a???aaR555aff??5?a??Yf55??a5fa0?50aa5a5?f?aaaaa5af5f??5?0affaa0a5a0550fR5f?a??0R?5??5aaaaY050a?50a5?0a???Kaa?0fa50afa?5?faa55?5a5500faa00?a050??????a?a0?5?5R?????Y555?aaa55a????0aK5?55?YMa0f?5?R5a??aYR5a?aK0?S??a055a?a5af?0a?aaaa5?YK??YKfYa??5000?5??aa55aa???????f5a?</sequence>
    <sequence taxon="CO8-PA-77">aa55??000???K?5aa00?aa5afa?0?5aaY??5a?a?50?5faa5???5f00555??a5?aa??5?fa5a0??5a55fa55??5R?a?5a?5S55?f?00a0R555???5Y?a5afKaYf??0?a50aYa??a55?K??00?00?5a??50af??f?a5aa0???aK5???R0faaY??f?aa???55?0a??R0R5R5??5??Y?ff?f????5a550?50aaa???a505aa05fa555a55a5?0????0a?aaaa55?????55a5a?50faa?5?fa5?00500fa05a5?5a???a0aaa??0aa0a5aY505a55a??a????55RK?5??Rf?RR55afaf5?5Y?a??a0?50?a5?5a?0a?f?a5aK??5?5M0a5f????5??550fa5?5KS00a?5ff5?a?af05?af50R5a?a5???fa?0aa50???Y?5???5?Y??5500faa?05a?5??ffa??a?a0?5?50?55?Rf555f???Y0a?0??0?f?055?YMa0?f0Y?500R5fa5a??a0??5??055aaa5afa?aaaa?a?0f?fffff?a??500?05fa?a?5aa5055?00f5a0</sequence>
    <sequence taxon="CO8-PD-14">aa5?aaR00?faaa?a?00?Ra5a?aW0?5a0fa?f?f?5?0?5f0a??aa?f?0??5a??55?a00?aYa5a??05?????5?aa?a5aa5?05?a5af00R?00555f0?5f?a?a??a?fa00fa5?a?a5aa55aa?a00000f?a5a50a?50?5?5aa?a5faa0a0??0faa5?a????a0a5550?aa0005??a?5f?5aff?f???55a550?f0a?a0??????aa?ff?555??Y?5??a05?0a5aaaa55?5??555a5a550faa0?ffa0f0050?fa00a5?5aaa0a0K?a00?R?5a5a?505?55a0aaf5????0??555aff0055aYa55?5?f?5fa?0?0aa5a5af????a?5a??f5a50a???aa005aMY?????Y5aSW0a?5?55aa??Y?5?aY50a5a05??aa?a?0???0?fa??50aa5555?5500f??00?a050?ffa50a?a0??fY??55a?5???f0aaYMa50?00a?5???????0??5??f??0?fa5a5a??5S55???5aa?5a??fa??aaa50fff?ffff????00005faa?5?aa5055000f5?0</sequence>
    <sequence taxon="CO8-PD-16">aa5??a?00?faa?5aa?05?a5?fa?005aa?aaf?5a5?M?5fa??aaa??00????5a5?aa005afa5aW??5a????55aa????a5a?5?a5ff????0RY5??R?5Y5a?0???ff5??0a5Raf?5a?55aa?a00000ffa5a?????0ffa5aa???f?a?a0?00faa5a?f????0?5550?R00005?50?5f5f0??af?f555a?5?a50aaa0afR505aa?5fa55?a55a?5??0MM????K?a55??0a555?MR?50fa?W5?W??f005??fa00a55?aa?0?0???????a0a5a5??5?5?a??????M55aaaY55a?f?055a5a5??55faYf?0a?0aa5a5af?aaf??5a?Y??a?0R?Yfaa?a5a5?a0f0?55a5f?R???f5aa0????0a??0??K?55??a??a0fa50R?a55??a?55?5a5500faa?0?a0?0??Ya5Ra???05f?R??Ya??5a5YRaa?Ma??0?0aa5055?5?a0?a?faf??R???5a5aaa5a55??55?a?5af?faaaaaK?0f?????????f500005fa?a5?a??055???f??0</sequence>
    <sequence taxon="CO8-PD-17">????a?a00?fa?K?aa005?aY?fa?0a5aa?a?Y??a?5055f0aYaaa5f?0?55a?a55?a0?5?Ya?????50???a????f?5?a5??YSa5?f?0aa?a5?5f0a55?aY0?a???a0??a5?afa5?a??a?Ma0000?f??5a50a?????a5aa?a5faa?????0fa????ff?Ra0a555?aa????5?50a5f?YaYY??a?M55R?50a50aaa0???5?5aa?f?a55?a55??0?a05?0a5K????5550a5?5a5aY5???0W55f?5f00??afa00?555a0???0?aa000??5a5a5?0?a?M???af??5???a?Y550ff0055afa5f55?f?5Ya0a5???????f0aa?aR?af?f5R???affa?a?5???5??aY55K5???55555?a?afW?0a??0a??R?55a??aa?fa500fa??5?aa?5?5a?500fa??0?a050?f?a?0aa????f???5?aa???5faa???a5???0a?5055a?5?0??5?af0a??f?5a??aa????a0??a??5af?fa?aa?a??YK?fffffa5f??000??aaa5Yaa50??????5a?</sequence>
    <sequence taxon="CO8-PD-18">a?55?aaM0?W?aK5?a00?0?5?fa?0a5aa?a?5a?a5?0??f?a?aaa5f0?5?5a?a55?a0R?afa?a?Ma5?55?a55aaYR5?a5aa??5??f00?a0a?55K??55f??aY?a?f5000a5?a?a5aa55a?0aRRR??f???a5??fY0??a5aaMa5faa5?0a??faa?aff5aRR0a5??0a?0?00??5af?f?faff0f?fM55a55Ra?0aa?RaY??05?a0ffa555?5?a5M??0M00a5aaaa5????a555a5?550fa?f5?f?0f00??R??000555a????0aaa0?00?0a5??????M5a??a0?a055Ra05550ff?R55???????5f??Ya005?aa5a?a??aa???5?f?5??5?0?Y?aaaa5????0a?fY5??0??M55?5aa0?ff50?550a?a??55aafaa0?????f?555?aa555?a????faa0??a????ff?5?aaa005fY?a?5???555fa?a50a550???a5055a5???KfM50?R?aa5R5a5aa05S5??05??aa5af?faaaa??50ffffffffa5f?00005faaR55?a5055000f5a?</sequence>
    <sequence taxon="CO8-PD-20">aa?5??aM0?f?aa5a?005?a5?fa?0a5a?fa???fa?50?5f?afaaa0f0?555???55?a0R5?fa??0?a??????55aa??5?a?aa?a?5Kf0??a?aY55f0??55a5a?aa???000a5?a5afa?55????00000K?a5a50af??f??5?a5a5faa0a0a?0fa?5??f????0a55??a??00??a5af5ff?aff?faf055a5???f?aaa0a??505aa?5fa555a5Ya5??a05?aa5aaaa5?550?55?a5a5?0fa?0??f??f?0?0Rf??0?5??a0a0a0??a00????a5?5S?5a5?a0aa?555??0a??55?ff0055????5555fa???0?5?????5af0a?fa05af?5??5?a?5?aaa?5??5?0a0?55K?00?0?5?5aa??ff?0a?50??a?a55aaa?a0fa500?a55?0aa555??????faa005a????ff?5aaaa?05f5005?a?f?55?aaa?Ma550?0a?5055???a0???f?fa0???05a5aa0??5???55?aa5a??faa?a??50fff?fff?a5?500005fa?a55?050?5000f??0</sequence>
    <sequence taxon="CO8-PD-5">aa55a50505f???5aa005?a?afa?0a5aafaf5?fa5??a5faa?aa?5f?0M55a5?5?aa005a5a5a0505a55fa55aa??5a???05???af00aa00555f0a?55?5Rfa???????a50??a?a?55aa?a00000f?a5a5???Y0f?a5a?Ma?faa?a0a???aaY??ff?aa0a?Y50aa000?505??5fff????f0f???a5?0a?0aaa0a?a?05aaR?fa5??05?a550?0M5?a5af?a555???5??a5a?50fa0?5?f0???05??fa00??55a0a0a0f??00a?00a5R5505a5?a?aa?5?555?aR?55?ff00?5?fa5?5f5fa???0a50aa5a5a??affa05af????5M???faa??5a?5??KRff?fa??aM?f?5aR??5W5?af?0a5aR?55aafaa?f??00??555?aa5555a5500??a005??50a?fa5?a?a005fY0???aa?5?5fRaafMa55??0aa?055af5a0fa0?a50?aa??5R5aa?5?55?055aa?5afa?????a??0fffffff?a?f5??005??aa?5aa???????f?a0</sequence>
    <sequence taxon="CO8-PD-7">?K55a???0Yf??f5???05aK?afa?0a?a??a?f?5a550??f?a?a??5?00??5a5a???a0??05a?a05a5a5?fa5faa?05?a5?????5a?0??a0a555f0a555a???aa?f????a50a?a??a55aa0a00000??a?a50af50??a5aa5a5faa??0a00f?a5af?faa00a5?50????00f0??a5f??a???faf?55a55???0aaa0afaf?5aaR?fa5?5?5??5???M5??a5aaaa555??a555?5a5?0fa?0?5?a5f0050???00a5?5a?a0a0Kaa0?Ra00?5a??05a5???a?f5??55?aaf55?f?0055??a5?555f?ffa0?50aa5a5af?af?a?5???55?55??f?aaaa5aM?S?f??55fa?0a?5?f5a0??ff50a550a5aa555aafaa0KaY00f??5?faa555??5???faa00f?05??ffa??a0a005?5RR??a?5?a5f?aa?5a55050a?5055?55a0f???af?aRa5?505a???555?0?5????af?f???aaaY?fffffff??5?5??005??aa?5aa505?000f??0</sequence>
    <sequence taxon="CO8-PD-8">aa?5a?a00ffa???aa0M5?a5a?af0a5a??a?f??a???55f0a?aa?5f005?5a5a?5?a0?505?5??5a5a??fa5Ya????aa5?a???5??00aa0a55?f0R5?5a?05aa5f?00f?50a5a5aa55???a?00?0ff?5a50a?50f?a5a?0a5f?a?a0?00faa?aa?Yaa?0?5550aa?0005?5a?5?f??ffa?af5??a55?a?0aaa?af??05aa??fa??5?55a5M?a0??aa5aaa??55?M??55a????0faa?M?fa?f00?0afa0??5?5a000a0Kaa000aa0a?a??05a55a0aaf5S055aa?Y55?f?0055??a5?5?5f0ffa?050aa5a5af?afaa?5a?5?505??a??a??a5a05?0?0ff?f??RaM5?55?aRaff50?550?5?a?5?a??a?0aaY0?fR55??aa55Y5?5500faa00Ya05?affa??aRa00?fY??55?R???5f?aaf?a??050a?5055??5S0f?5?0Y?R???a5a????f55?a??5??a?afafaaaa?a????ff?f?fa5?500??5faa?5faa5055000f5a0</sequence>
    <sequence taxon="CO8-PD-9">?a5?aaa?0??aa???a00?aa5af?f0a5a0?aaf?5a55?55fRa?a?a5f0??Y5?5a55?a??5??a5a???5?55fa55aa?a?0a5?0?aa5af00aa??Y?5f0?5??a5?f?a?f?0?0a?0a5a??a5?aa5a00000?5a5a?0????ff?5?a0a?faa0??a00faa?a?ffaaa0R5??0aa?000?0?0f?ff??ffaf?f?55??50?f0a?a0aY?505aa??fa5?5055a5?????5aa?aaaa555?5?555a5a55?faa???fa?f0??0??a00R555a?a0a?faa000a?0a5a5?05?55?0?af55555aaaf550ff00???????55??05fa0?50aa5a?af0?ffa?5a???505?aa5faa????0550a??f0aSf?a?5?55aa??505?a55?a?a?a??aaf?a0aa5?afa5?5?aa55??a5500faa0??a0505ffa?aa0?0??fY?a55????S?faaa????00?0aa5055a??a0fKM?af??0?fa5a5a??5555a0?5a?a5???f?a?a???0f?f????f05f?0?005f??a55?a?0?????f??0</sequence>
  </data>

    <map name="Beta">beast.base.inference.distribution.Beta</map>
    <map name="Exponential">beast.base.inference.distribution.Exponential</map>
    <map name="InverseGamma">beast.base.inference.distribution.InverseGamma</map>
    <map name="LogNormal">beast.base.inference.distribution.LogNormalDistributionModel</map>
    <map name="Gamma">beast.base.inference.distribution.Gamma</map>
    <map name="Uniform">beast.base.inference.distribution.Uniform</map>
    <map name="prior">beast.base.inference.distribution.Prior</map>
    <map name="LaplaceDistribution">beast.base.inference.distribution.LaplaceDistribution</map>
    <map name="OneOnX">beast.base.inference.distribution.OneOnX</map>
    <map name="Normal">beast.base.inference.distribution.Normal</map>

  <run id="mcmc" spec="MCMC" chainLength="200000000">
    <state id="state" spec="State" storeEvery="5000">
      <tree id="Tree" spec="beast.base.evolution.tree.Tree" name="stateNode">
        <taxonset id="TaxonSet" spec="TaxonSet">
          <alignment idref="L86_rskycoal_fast"/>
        </taxonset>
      </tree>
      <parameter id="pi" spec="beast.base.inference.parameter.RealParameter" dimension="16" keys="0 1 2 3 4 5 6 7 8 9 a b c d e f" lower="0.0" name="stateNode" upper="1.0">
            0.08894239886257074 0.031114973832828713 0.07218611620725228 0.023274132448012713 0.1873967560668911 0.06914060169555027 0.024134258774281107 0.08300518668988899 0.036544782619320114 0.04926033922649965 0.034082018681531025 0.08159953092297297 0.08012646074210966 0.07447168858812796 0.04467082336465582 0.02004993127750685
        </parameter>
      <parameter id="rates" spec="beast.base.inference.parameter.RealParameter" dimension="6" keys="AC AG AT CG CT GT" lower="0.0" name="stateNode" upper="1.0">
            0.050010540072873096 0.2825321583377513 0.10594825722194583 0.0880721319492142 0.4715883204764443 0.0018485919417712711
        </parameter>
      <parameter id="gammaShape" spec="beast.base.inference.parameter.RealParameter" name="stateNode">1.0</parameter>
      <parameter id="theta" spec="beast.base.inference.parameter.RealParameter" dimension="4" lower="0.0" keys="1 2 3 4" name="stateNode">
            0.5 0.5 0.5 0.5
        </parameter>
      <stateNode id="groupSizes" spec="parameter.IntegerParameter" dimension="4" keys="1 2 3 4" lower="1">
            1 1 1 1
        </stateNode>
      <parameter id="ucldStdev" spec="beast.base.inference.parameter.RealParameter" lower="0.0" name="stateNode">0.1</parameter>
      <stateNode id="rateCategories" spec="parameter.IntegerParameter" dimension="170">1</stateNode>
    </state>
    <init id="RandomTree" spec="beast.base.evolution.tree.coalescent.RandomTree" estimate="false" initial="@Tree" taxa="@L86_rskycoal_fast">
      <populationModel id="ConstantPopulation0" spec="ConstantPopulation">
        <parameter id="randomPopSize" spec="beast.base.inference.parameter.RealParameter" name="popSize">1.0</parameter>
      </populationModel>
    </init>
    <distribution id="posterior" spec="beast.base.inference.CompoundDistribution">
      <distribution id="prior" spec="beast.base.inference.CompoundDistribution">
        <distribution id="BayesianSkyline" spec="BayesianSkyline" groupSizes="@groupSizes" popSizes="@theta">
          <treeIntervals id="TreeIntervals" spec="beast.base.evolution.tree.TreeIntervals" tree="@Tree"/>
        </distribution>
        <distribution id="theta1.prior" spec="beast.base.inference.distribution.Prior">
          <x id="theta1" spec="feast.function.Slice" arg="@theta" index="0"/>
          <distr id="LogNormalDistributionModel0" spec="beast.base.inference.distribution.LogNormalDistributionModel">
            <parameter id="RealParameter10" spec="beast.base.inference.parameter.RealParameter" name="M">-2.3</parameter>
            <parameter id="RealParameter11" spec="beast.base.inference.parameter.RealParameter" name="S">1.8</parameter>
          </distr>
        </distribution>
        <distribution id="MarkovChainDistribution" spec="beast.base.inference.distribution.MarkovChainDistribution" parameter="@theta"/>
        <prior id="GammaShapePrior" name="distribution" x="@gammaShape">
          <Exponential id="Exponential0" name="distr">
            <parameter id="RealParameter0" spec="beast.base.inference.parameter.RealParameter" estimate="false" name="mean">1.0</parameter>
          </Exponential>
        </prior>
        <distribution id="pi.prior" spec="beast.base.inference.distribution.Prior" x="@pi">
          <distr id="Dirichlet0" spec="beast.base.inference.distribution.Dirichlet">
            <parameter id="RealParameter1" spec="beast.base.inference.parameter.RealParameter" dimension="16" estimate="false" name="alpha">3.0 3.0 3.0 3.0 3.0 3.0 3.0 3.0 3.0 3.0 3.0 3.0 3.0 3.0 3.0 3.0</parameter>
          </distr>
        </distribution>
        <distribution id="rates.prior" spec="beast.base.inference.distribution.Prior" x="@rates">
          <distr id="Dirichlet1" spec="beast.base.inference.distribution.Dirichlet">
            <parameter id="RealParameter2" spec="beast.base.inference.parameter.RealParameter" dimension="6" estimate="false" name="alpha">1.0 2.0 1.0 1.0 2.0 1.0</parameter>
          </distr>
        </distribution>
        <prior id="ucldStdevPrior" name="distribution" x="@ucldStdev">
          <Gamma id="Gamma2" name="distr">
            <parameter id="RealParameter7" spec="beast.base.inference.parameter.RealParameter" estimate="false" name="alpha">0.5396</parameter>
            <parameter id="RealParameter8" spec="beast.base.inference.parameter.RealParameter" estimate="false" name="beta">0.3819</parameter>
          </Gamma>
        </prior>
        <distribution id="ingroup.prior" spec="beast.base.evolution.tree.MRCAPrior" monophyletic="true" tree="@Tree">
          <taxonset id="ingroup" spec="TaxonSet">
            <taxon id="CO8-MA-27" spec="Taxon"/>
            <taxon id="CO8-MA-28" spec="Taxon"/>
            <taxon id="CO8-MA-29" spec="Taxon"/>
            <taxon id="CO8-MA-30" spec="Taxon"/>
            <taxon id="CO8-MA-31" spec="Taxon"/>
            <taxon id="CO8-MA-32" spec="Taxon"/>
            <taxon id="CO8-MA-33" spec="Taxon"/>
            <taxon id="CO8-MA-34" spec="Taxon"/>
            <taxon id="CO8-MA-35" spec="Taxon"/>
            <taxon id="CO8-MA-36" spec="Taxon"/>
            <taxon id="CO8-MA-37" spec="Taxon"/>
            <taxon id="CO8-MA-38" spec="Taxon"/>
            <taxon id="CO8-MA-39" spec="Taxon"/>
            <taxon id="CO8-MA-40" spec="Taxon"/>
            <taxon id="CO8-MA-41" spec="Taxon"/>
            <taxon id="CO8-MA-42" spec="Taxon"/>
            <taxon id="CO8-MA-43" spec="Taxon"/>
            <taxon id="CO8-MA-44" spec="Taxon"/>
            <taxon id="CO8-MA-45" spec="Taxon"/>
            <taxon id="CO8-MA-46" spec="Taxon"/>
            <taxon id="CO8-MA-48" spec="Taxon"/>
            <taxon id="CO8-MA-84" spec="Taxon"/>
            <taxon id="CO8-MA-85" spec="Taxon"/>
            <taxon id="CO8-MA-86" spec="Taxon"/>
            <taxon id="CO8-MA-87" spec="Taxon"/>
            <taxon id="CO8-MA-88" spec="Taxon"/>
            <taxon id="CO8-MA-89" spec="Taxon"/>
            <taxon id="CO8-MA-90" spec="Taxon"/>
            <taxon id="CO8-MA-91" spec="Taxon"/>
            <taxon id="CO8-MA-92" spec="Taxon"/>
            <taxon id="CO8-MA-93" spec="Taxon"/>
            <taxon id="CO8-MA-95" spec="Taxon"/>
            <taxon id="CO8-PA-26" spec="Taxon"/>
            <taxon id="CO8-PA-29" spec="Taxon"/>
            <taxon id="CO8-PA-32" spec="Taxon"/>
            <taxon id="CO8-PA-38" spec="Taxon"/>
            <taxon id="CO8-PA-39" spec="Taxon"/>
            <taxon id="CO8-PA-40" spec="Taxon"/>
            <taxon id="CO8-PA-41" spec="Taxon"/>
            <taxon id="CO8-PA-42" spec="Taxon"/>
            <taxon id="CO8-PA-43" spec="Taxon"/>
            <taxon id="CO8-PA-46" spec="Taxon"/>
            <taxon id="CO8-PA-47" spec="Taxon"/>
            <taxon id="CO8-PA-48" spec="Taxon"/>
            <taxon id="CO8-PA-49" spec="Taxon"/>
            <taxon id="CO8-PA-51" spec="Taxon"/>
            <taxon id="CO8-PA-52" spec="Taxon"/>
            <taxon id="CO8-PA-53" spec="Taxon"/>
            <taxon id="CO8-PA-55" spec="Taxon"/>
            <taxon id="CO8-PA-57" spec="Taxon"/>
            <taxon id="CO8-PA-58" spec="Taxon"/>
            <taxon id="CO8-PA-59" spec="Taxon"/>
            <taxon id="CO8-PA-61" spec="Taxon"/>
            <taxon id="CO8-PA-62" spec="Taxon"/>
            <taxon id="CO8-PA-63" spec="Taxon"/>
            <taxon id="CO8-PA-64" spec="Taxon"/>
            <taxon id="CO8-PA-65" spec="Taxon"/>
            <taxon id="CO8-PA-68" spec="Taxon"/>
            <taxon id="CO8-PA-70" spec="Taxon"/>
            <taxon id="CO8-PA-71" spec="Taxon"/>
            <taxon id="CO8-PA-73" spec="Taxon"/>
            <taxon id="CO8-PA-74" spec="Taxon"/>
            <taxon id="CO8-PA-77" spec="Taxon"/>
          </taxonset>
        </distribution>
      </distribution>
      <distribution id="likelihood" spec="beast.base.inference.CompoundDistribution" useThreads="true">
        <distribution id="treeLikelihood" spec="ThreadedTreeLikelihood" data="@L86_rskycoal_fast" tree="@Tree" useAmbiguities="true">
          <siteModel id="SiteModel" spec="SiteModel" gammaCategoryCount="4" shape="@gammaShape">
            <parameter id="mutationRate" spec="beast.base.inference.parameter.RealParameter" estimate="false" name="mutationRate">1.0</parameter>
            <parameter id="proportionInvariant" spec="beast.base.inference.parameter.RealParameter" estimate="false" lower="0.0" name="proportionInvariant" upper="1.0">0.0</parameter>
            <substModel id="GT16" spec="phylonco.beast.evolution.substitutionmodel.GT16" nucRates="@rates">
              <frequencies id="Frequencies" spec="Frequencies" frequencies="@pi"/>
            </substModel>
          </siteModel>
          <branchRateModel id="RelaxedClock" spec="beast.base.evolution.branchratemodel.UCRelaxedClockModel" rateCategories="@rateCategories" tree="@Tree">
            <LogNormal id="LogNormalDistributionModel1" S="@ucldStdev" meanInRealSpace="true" name="distr">
              <parameter id="RealParameter9" spec="beast.base.inference.parameter.RealParameter" estimate="false" lower="0.0" name="M" upper="1.0">1.0</parameter>
            </LogNormal>
            <parameter id="ucldMean" spec="beast.base.inference.parameter.RealParameter" estimate="false" name="clock.rate">1.0</parameter>
          </branchRateModel>
        </distribution>
      </distribution>
    </distribution>
    <operator id="gammaShapeScaler" spec="ScaleOperator" parameter="@gammaShape" scaleFactor="0.5" weight="0.1"/>
    <operator id="BayesianSkylineTreeScaler" spec="ScaleOperator" scaleFactor="0.5" tree="@Tree" weight="3.0"/>
    <operator id="BayesianSkylineTreeRootScaler" spec="ScaleOperator" rootOnly="true" scaleFactor="0.5" tree="@Tree" weight="3.0"/>
    <operator id="BayesianSkylineUniformOperator" spec="Uniform" tree="@Tree" weight="30.0"/>
    <operator id="BayesianSkylineSubtreeSlide" spec="SubtreeSlide" tree="@Tree" weight="15.0"/>
    <operator id="BayesianSkylineNarrow" spec="Exchange" tree="@Tree" weight="15.0"/>
    <operator id="BayesianSkylineWide" spec="Exchange" isNarrow="false" tree="@Tree" weight="3.0"/>
    <operator id="BayesianSkylineWilsonBalding" spec="WilsonBalding" tree="@Tree" weight="3.0"/>
    <operator id="theta.scale" spec="ScaleOperator" parameter="@theta" weight="5.0"/>
    <operator id="groupSizes.deltaExchange" spec="DeltaExchangeOperator" delta="2.0" integer="true" weight="5.0">
      <intparameter idref="groupSizes"/>
    </operator>
    <operator id="ucldStdevScaler" spec="ScaleOperator" parameter="@ucldStdev" scaleFactor="0.5" weight="1.0"/>
    <operator id="CategoriesRandomWalk" spec="IntRandomWalkOperator" parameter="@rateCategories" weight="1.0" windowSize="1"/>
    <operator id="CategoriesSwapOperator" spec="SwapOperator" intparameter="@rateCategories" weight="1.0"/>
    <operator id="CategoriesUniform" spec="UniformOperator" parameter="@rateCategories" weight="1.0"/>
    <operator id="deltaExchangePair1" spec="DeltaExchangeOperator" autoOptimize="false" delta="0.0625" weight="1.0">
      <parameter idref="pi"/>
      <weightvector id="IntegerParameter" spec="parameter.IntegerParameter" dimension="16" lower="0" upper="0">0 1 0 0 1 0 0 0 0 0 0 0 0 0 0 0</weightvector>
    </operator>
    <operator id="deltaExchangePair2" spec="DeltaExchangeOperator" autoOptimize="false" delta="0.0625" weight="1.0">
      <parameter idref="pi"/>
      <weightvector id="IntegerParameter1" spec="parameter.IntegerParameter" dimension="16" lower="0" upper="0">0 0 1 0 0 0 0 0 1 0 0 0 0 0 0 0</weightvector>
    </operator>
    <operator id="deltaExchangePair3" spec="DeltaExchangeOperator" autoOptimize="false" delta="0.0625" weight="1.0">
      <parameter idref="pi"/>
      <weightvector id="IntegerParameter2" spec="parameter.IntegerParameter" dimension="16" lower="0" upper="0">0 0 0 1 0 0 0 0 0 0 0 0 1 0 0 0</weightvector>
    </operator>
    <operator id="deltaExchangePair4" spec="DeltaExchangeOperator" autoOptimize="false" delta="0.0625" weight="1.0">
      <parameter idref="pi"/>
      <weightvector id="IntegerParameter3" spec="parameter.IntegerParameter" dimension="16" lower="0" upper="0">0 0 0 0 0 0 1 0 0 1 0 0 0 0 0 0</weightvector>
    </operator>
    <operator id="deltaExchangePair5" spec="DeltaExchangeOperator" autoOptimize="false" delta="0.0625" weight="1.0">
      <parameter idref="pi"/>
      <weightvector id="IntegerParameter4" spec="parameter.IntegerParameter" dimension="16" lower="0" upper="0">0 0 0 0 0 0 0 1 0 0 0 0 0 1 0 0</weightvector>
    </operator>
    <operator id="deltaExchangePair6" spec="DeltaExchangeOperator" autoOptimize="false" delta="0.0625" weight="1.0">
      <parameter idref="pi"/>
      <weightvector id="IntegerParameter5" spec="parameter.IntegerParameter" dimension="16" lower="0" upper="0">0 0 0 0 0 0 0 0 0 0 0 1 0 0 1 0</weightvector>
    </operator>
    <operator id="pi.deltaExchange" spec="DeltaExchangeOperator" autoOptimize="false" delta="0.0625" weight="6.656775051475125">
      <parameter idref="pi"/>
    </operator>
    <operator id="rates.deltaExchange" spec="DeltaExchangeOperator" autoOptimize="false" delta="0.16666666666666666" weight="3.0851693136000478">
      <parameter idref="rates"/>
    </operator>
    <operator id="swapPair1" spec="SwapOperator" parameter="@pi" weight="0.5">
      <filter id="BooleanParameter" spec="parameter.BooleanParameter" dimension="16">false true false false true false false false false false false false false false false false</filter>
    </operator>
    <operator id="swapPair2" spec="SwapOperator" parameter="@pi" weight="0.5">
      <filter id="BooleanParameter1" spec="parameter.BooleanParameter" dimension="16">false false true false false false false false true false false false false false false false</filter>
    </operator>
    <operator id="swapPair3" spec="SwapOperator" parameter="@pi" weight="0.5">
      <filter id="BooleanParameter2" spec="parameter.BooleanParameter" dimension="16">false false false true false false false false false false false false true false false false</filter>
    </operator>
    <operator id="swapPair4" spec="SwapOperator" parameter="@pi" weight="0.5">
      <filter id="BooleanParameter3" spec="parameter.BooleanParameter" dimension="16">false false false false false false true false false true false false false false false false</filter>
    </operator>
    <operator id="swapPair5" spec="SwapOperator" parameter="@pi" weight="0.5">
      <filter id="BooleanParameter4" spec="parameter.BooleanParameter" dimension="16">false false false false false false false true false false false false false true false false</filter>
    </operator>
    <operator id="swapPair6" spec="SwapOperator" parameter="@pi" weight="0.5">
      <filter id="BooleanParameter5" spec="parameter.BooleanParameter" dimension="16">false false false false false false false false false false false true false false true false</filter>
    </operator>
    <logger id="tracelog" spec="Logger" fileName="L86_rskycoal_beagle_outgroup.$(seed).log" logEvery="1000" model="@posterior" sanitiseHeaders="true" sort="smart">
      <log idref="posterior"/>
      <log idref="likelihood"/>
      <log idref="prior"/>
      <log idref="treeLikelihood"/>
      <log id="TreeHeight" spec="beast.base.evolution.tree.TreeHeightLogger" tree="@Tree"/>
      <log idref="gammaShape"/>
      <log idref="pi"/>
      <log idref="rates"/>
      <log idref="BayesianSkyline"/>
      <log idref="theta"/>
      <log idref="groupSizes"/>
      <log idref="ucldStdev"/>
      <log idref="ucldMean"/>
      <log idref="rateCategories"/>
      <log id="TreeStatLogger" spec="beast.base.evolution.tree.TreeStatLogger" tree="@Tree"/>
    </logger>
    <logger id="screenlog" spec="Logger" logEvery="1000">
      <log idref="posterior"/>
      <log idref="likelihood"/>
      <log idref="prior"/>
    </logger>
    <logger id="treelog" spec="Logger" fileName="L86_rskycoal_beagle_outgroup.$(seed).trees" logEvery="1000" mode="tree">
      <log id="TreeWithMetaDataLogger" spec="beast.base.evolution.TreeWithMetaDataLogger" branchratemodel="@RelaxedClock" tree="@Tree"/>
    </logger>
    <operatorschedule id="OperatorSchedule" spec="OperatorSchedule"/>
  </run>
</beast>