<beast version='2.7'
       required='BEAST.base v2.7.4:phylonco v1.0.0'
       namespace='beast.core:beast.evolution.alignment:beast.evolution.tree.coalescent:beast.core.util:beast.evolution.nuc:beast.evolution.operators:beast.evolution.sitemodel:beast.evolution.substitutionmodel:beast.base.evolution.alignment:beast.pkgmgmt:beast.base.core:beast.base.inference:beast.base.evolution.tree.coalescent:beast.pkgmgmt:beast.base.core:beast.base.inference.util:beast.evolution.nuc:beast.base.evolution.operator:beast.base.inference.operator:beast.base.evolution.sitemodel:beast.base.evolution.substitutionmodel:beast.base.evolution.likelihood'>

    <mergewith point='substModelTemplates'>
        <!-- Binary substitution model -->
        <subtemplate id='BinarySubstitutionModel' class='phylonco.beast.evolution.substitutionmodel.BinarySubstitutionModel' mainid='BinarySubsModel.s:$(n)'
                     suppressInputs='phylonco.beast.evolution.substitutionmodel.BinarySubstitutionModel.frequencies,phylonco.beast.evolution.substitutionmodel.BinarySubstitutionModel.rates,phylonco.beast.evolution.substitutionmodel.BinarySubstitutionModel.eigenSystem'>
            <![CDATA[
            <plugin spec='phylonco.beast.evolution.substitutionmodel.BinarySubstitutionModel' id='BinarySubsModel.s:$(n)'>
                <parameter id='SubsModel.lambda.s:$(n)' name='lambda' value='1.0' lower='0.0' estimate='true'/>
            </plugin>

            <plugin id='LambdaScaler.s:$(n)' spec='ScaleOperator' scaleFactor='0.5' weight='0.1' parameter='@SubsModel.lambda.s:$(n)'/>

            <prior id='LambdaPrior.s:$(n)' x='@SubsModel.lambda.s:$(n)'>
                <distr spec='LogNormalDistributionModel' meanInRealSpace='false'>
                    <parameter name='M' value="1.0" estimate='false'/>
                    <parameter name='S' value="1.25" estimate='false'/>
                </distr>
            </prior>
            ]]>

            <connect srcID='SubsModel.lambda.s:$(n)' targetID='state' inputName='stateNode'
                     if='inlikelihood(SubsModel.lambda.s:$(n)) and SubsModel.lambda.s:$(n)/estimate=true'/>

            <connect srcID='LambdaScaler.s:$(n)' targetID='mcmc' inputName='operator'
                     if='inlikelihood(SubsModel.lambda.s:$(n)) and SubsModel.lambda.s:$(n)/estimate=true'>
                Scale lambda parameter of binary substitution model for partition :$(n)
            </connect>

            <connect srcID='SubsModel.lambda.s:$(n)' targetID='tracelog' inputName='log'
                     if='inlikelihood(SubsModel.lambda.s:$(n)) and SubsModel.lambda.s:$(n)/estimate=true'/>

            <connect srcID='LambdaPrior.s:$(n)' targetID='prior' inputName='distribution'
                     if='inlikelihood(SubsModel.lambda.s:$(n)) and SubsModel.lambda.s:$(n)/estimate=true'>
                Lambda parameter of binary substitution model for partition :$(n)
            </connect>

            <connect srcID='SubsModel.lambda.s:$(n)' targetID='tracelog' inputName='log'
                     if='inposterior(BinarySubsModel.s:$(n)) and SubsModel.lambda.s:$(n)/estimate=true'>
            </connect>

        </subtemplate>

    </mergewith>
</beast>